location_id,location_name,sensor_id,datetime_utc,pm25_ug_m3,latitude,longitude,provider,owner
135,Prabadang Rehabiltation Center,5077838,2026-08-26 05:00:00+00:00,16.1,13.664087,100.543436,Air4Thai,Unknown Governmental Organization
135,Prabadang Rehabiltation Center,5077838,2026-08-26 06:00:00+00:00,16.2,13.664087,100.543436,Air4Thai,Unknown Governmental Organization
135,Prabadang Rehabiltation Center,5077838,2026-08-26 07:00:00+00:00,15.9,13.664087,100.543436,Air4Thai,Unknown Governmental Organization
135,Prabadang Rehabiltation Center,5077838,2026-08-26 08:00:00+00:00,15.7,13.664087,100.543436,Air4Thai,Unknown Governmental Organization
135,Prabadang Rehabiltation Center,5077838,2026-08-26 09:00:00+00:00,15.4,13.664087,100.543436,Air4Thai,Unknown Governmental Organization
135,Prabadang Rehabiltation Center,5077838,2026-08-26 10:00:00+00:00,15.1,13.664087,100.543436,Air4Thai,Unknown Governmental Organization
135,Prabadang Rehabiltation Center,5077838,2026-08-26 11:00:00+00:00,14.9,13.664087,100.543436,Air4Thai,Unknown Governmental Organization
135,Prabadang Rehabiltation Center,5077838,2026-08-26 12:00:00+00:00,14.4,13.664087,100.543436,Air4Thai,Unknown Governmental Organization
135,Prabadang Rehabiltation Center,5077838,2026-08-26 13:00:00+00:00,14.3,13.664087,100.543436,Air4Thai,Unknown Governmental Organization
135,Prabadang Rehabiltation Center,5077838,2026-08-26 14:00:00+00:00,14.2,13.664087,100.543436,Air4Thai,Unknown Governmental Organization
135,Prabadang Rehabiltation Center,5077838,2026-08-26 15:00:00+00:00,14.3,13.664087,100.543436,Air4Thai,Unknown Governmental Organization
135,Prabadang Rehabiltation Center,5077838,2026-08-26 16:00:00+00:00,14.3,13.664087,100.543436,Air4Thai,Unknown Governmental Organization
701,Sukhothai Thammathirat Open University,1304255,2026-08-26 05:00:00+00:00,7.1,13.907861,100.535641,Air4Thai,Unknown Governmental Organization
701,Sukhothai Thammathirat Open University,1304255,2026-08-26 06:00:00+00:00,6.8,13.907861,100.535641,Air4Thai,Unknown Governmental Organization
701,Sukhothai Thammathirat Open University,1304255,2026-08-26 07:00:00+00:00,6.6,13.907861,100.535641,Air4Thai,Unknown Governmental Organization
701,Sukhothai Thammathirat Open University,1304255,2026-08-26 08:00:00+00:00,6.4,13.907861,100.535641,Air4Thai,Unknown Governmental Organization
701,Sukhothai Thammathirat Open University,1304255,2026-08-26 09:00:00+00:00,6.1,13.907861,100.535641,Air4Thai,Unknown Governmental Organization
701,Sukhothai Thammathirat Open University,1304255,2026-08-26 10:00:00+00:00,5.8,13.907861,100.535641,Air4Thai,Unknown Governmental Organization
701,Sukhothai Thammathirat Open University,1304255,2026-08-26 11:00:00+00:00,5.6,13.907861,100.535641,Air4Thai,Unknown Governmental Organization
701,Sukhothai Thammathirat Open University,1304255,2026-08-26 12:00:00+00:00,5.6,13.907861,100.535641,Air4Thai,Unknown Governmental Organization
701,Sukhothai Thammathirat Open University,1304255,2026-08-26 13:00:00+00:00,5.6,13.907861,100.535641,Air4Thai,Unknown Governmental Organization
701,Sukhothai Thammathirat Open University,1304255,2026-08-26 14:00:00+00:00,5.4,13.907861,100.535641,Air4Thai,Unknown Governmental Organization
701,Sukhothai Thammathirat Open University,1304255,2026-08-26 15:00:00+00:00,5.3,13.907861,100.535641,Air4Thai,Unknown Governmental Organization
701,Sukhothai Thammathirat Open University,1304255,2026-08-26 16:00:00+00:00,5.2,13.907861,100.535641,Air4Thai,Unknown Governmental Organization
717,Pluakdaeng District Health Office,1304268,2026-08-26 05:00:00+00:00,13.2,12.97378333,101.21285,Air4Thai,Unknown Governmental Organization
717,Pluakdaeng District Health Office,1304268,2026-08-26 06:00:00+00:00,13.1,12.97378333,101.21285,Air4Thai,Unknown Governmental Organization
717,Pluakdaeng District Health Office,1304268,2026-08-26 07:00:00+00:00,13.0,12.97378333,101.21285,Air4Thai,Unknown Governmental Organization
717,Pluakdaeng District Health Office,1304268,2026-08-26 08:00:00+00:00,13.0,12.97378333,101.21285,Air4Thai,Unknown Governmental Organization
717,Pluakdaeng District Health Office,1304268,2026-08-26 09:00:00+00:00,13.1,12.97378333,101.21285,Air4Thai,Unknown Governmental Organization
717,Pluakdaeng District Health Office,1304268,2026-08-26 10:00:00+00:00,13.2,12.97378333,101.21285,Air4Thai,Unknown Governmental Organization
717,Pluakdaeng District Health Office,1304268,2026-08-26 11:00:00+00:00,13.1,12.97378333,101.21285,Air4Thai,Unknown Governmental Organization
717,Pluakdaeng District Health Office,1304268,2026-08-26 12:00:00+00:00,12.8,12.97378333,101.21285,Air4Thai,Unknown Governmental Organization
717,Pluakdaeng District Health Office,1304268,2026-08-26 13:00:00+00:00,12.8,12.97378333,101.21285,Air4Thai,Unknown Governmental Organization
717,Pluakdaeng District Health Office,1304268,2026-08-26 14:00:00+00:00,12.7,12.97378333,101.21285,Air4Thai,Unknown Governmental Organization
717,Pluakdaeng District Health Office,1304268,2026-08-26 15:00:00+00:00,12.5,12.97378333,101.21285,Air4Thai,Unknown Governmental Organization
717,Pluakdaeng District Health Office,1304268,2026-08-26 16:00:00+00:00,12.2,12.97378333,101.21285,Air4Thai,Unknown Governmental Organization
906,Residence for Dept. of Mineral Resources,1304207,2026-08-26 05:00:00+00:00,12.6,13.652141,100.531805,Air4Thai,Unknown Governmental Organization
906,Residence for Dept. of Mineral Resources,1304207,2026-08-26 06:00:00+00:00,12.6,13.652141,100.531805,Air4Thai,Unknown Governmental Organization
906,Residence for Dept. of Mineral Resources,1304207,2026-08-26 07:00:00+00:00,12.8,13.652141,100.531805,Air4Thai,Unknown Governmental Organization
906,Residence for Dept. of Mineral Resources,1304207,2026-08-26 08:00:00+00:00,12.9,13.652141,100.531805,Air4Thai,Unknown Governmental Organization
906,Residence for Dept. of Mineral Resources,1304207,2026-08-26 09:00:00+00:00,13.0,13.652141,100.531805,Air4Thai,Unknown Governmental Organization
906,Residence for Dept. of Mineral Resources,1304207,2026-08-26 10:00:00+00:00,12.8,13.652141,100.531805,Air4Thai,Unknown Governmental Organization
906,Residence for Dept. of Mineral Resources,1304207,2026-08-26 11:00:00+00:00,10.3,13.652141,100.531805,Air4Thai,Unknown Governmental Organization
906,Residence for Dept. of Mineral Resources,1304207,2026-08-26 12:00:00+00:00,10.3,13.652141,100.531805,Air4Thai,Unknown Governmental Organization
906,Residence for Dept. of Mineral Resources,1304207,2026-08-26 13:00:00+00:00,10.2,13.652141,100.531805,Air4Thai,Unknown Governmental Organization
906,Residence for Dept. of Mineral Resources,1304207,2026-08-26 14:00:00+00:00,10.0,13.652141,100.531805,Air4Thai,Unknown Governmental Organization
906,Residence for Dept. of Mineral Resources,1304207,2026-08-26 15:00:00+00:00,9.9,13.652141,100.531805,Air4Thai,Unknown Governmental Organization
906,Residence for Dept. of Mineral Resources,1304207,2026-08-26 16:00:00+00:00,9.9,13.652141,100.531805,Air4Thai,Unknown Governmental Organization
2167,Highway District,1304205,2026-08-26 05:00:00+00:00,12.6,13.7054879,100.315622,Air4Thai,Unknown Governmental Organization
2167,Highway District,1304205,2026-08-26 06:00:00+00:00,12.5,13.7054879,100.315622,Air4Thai,Unknown Governmental Organization
2167,Highway District,1304205,2026-08-26 07:00:00+00:00,12.5,13.7054879,100.315622,Air4Thai,Unknown Governmental Organization
2167,Highway District,1304205,2026-08-26 08:00:00+00:00,12.6,13.7054879,100.315622,Air4Thai,Unknown Governmental Organization
2167,Highway District,1304205,2026-08-26 09:00:00+00:00,12.3,13.7054879,100.315622,Air4Thai,Unknown Governmental Organization
2167,Highway District,1304205,2026-08-26 10:00:00+00:00,12.0,13.7054879,100.315622,Air4Thai,Unknown Governmental Organization
2167,Highway District,1304205,2026-08-26 11:00:00+00:00,12.0,13.7054879,100.315622,Air4Thai,Unknown Governmental Organization
2167,Highway District,1304205,2026-08-26 12:00:00+00:00,12.1,13.7054879,100.315622,Air4Thai,Unknown Governmental Organization
2167,Highway District,1304205,2026-08-26 13:00:00+00:00,11.7,13.7054879,100.315622,Air4Thai,Unknown Governmental Organization
2167,Highway District,1304205,2026-08-26 14:00:00+00:00,11.6,13.7054879,100.315622,Air4Thai,Unknown Governmental Organization
2167,Highway District,1304205,2026-08-26 15:00:00+00:00,11.5,13.7054879,100.315622,Air4Thai,Unknown Governmental Organization
2167,Highway District,1304205,2026-08-26 16:00:00+00:00,11.5,13.7054879,100.315622,Air4Thai,Unknown Governmental Organization
2326,Thai Meteorological Department,1304072,2026-08-26 05:00:00+00:00,11.0,13.666183,100.605742,Air4Thai,Unknown Governmental Organization
2326,Thai Meteorological Department,1304072,2026-08-26 07:00:00+00:00,10.8,13.666183,100.605742,Air4Thai,Unknown Governmental Organization
2326,Thai Meteorological Department,1304072,2026-08-26 08:00:00+00:00,10.7,13.666183,100.605742,Air4Thai,Unknown Governmental Organization
2326,Thai Meteorological Department,1304072,2026-08-26 09:00:00+00:00,10.6,13.666183,100.605742,Air4Thai,Unknown Governmental Organization
2326,Thai Meteorological Department,1304072,2026-08-26 10:00:00+00:00,10.4,13.666183,100.605742,Air4Thai,Unknown Governmental Organization
2326,Thai Meteorological Department,1304072,2026-08-26 15:00:00+00:00,10.0,13.666183,100.605742,Air4Thai,Unknown Governmental Organization
2328,"Natural Resources and Environment Office, Chiangrai",1304242,2026-08-26 05:00:00+00:00,10.3,19.909217,99.823467,Air4Thai,Unknown Governmental Organization
2328,"Natural Resources and Environment Office, Chiangrai",1304242,2026-08-26 06:00:00+00:00,10.4,19.909217,99.823467,Air4Thai,Unknown Governmental Organization
2328,"Natural Resources and Environment Office, Chiangrai",1304242,2026-08-26 07:00:00+00:00,10.4,19.909217,99.823467,Air4Thai,Unknown Governmental Organization
2328,"Natural Resources and Environment Office, Chiangrai",1304242,2026-08-26 08:00:00+00:00,10.4,19.909217,99.823467,Air4Thai,Unknown Governmental Organization
2328,"Natural Resources and Environment Office, Chiangrai",1304242,2026-08-26 09:00:00+00:00,10.3,19.909217,99.823467,Air4Thai,Unknown Governmental Organization
2328,"Natural Resources and Environment Office, Chiangrai",1304242,2026-08-26 10:00:00+00:00,10.0,19.909217,99.823467,Air4Thai,Unknown Governmental Organization
2328,"Natural Resources and Environment Office, Chiangrai",1304242,2026-08-26 11:00:00+00:00,10.0,19.909217,99.823467,Air4Thai,Unknown Governmental Organization
2328,"Natural Resources and Environment Office, Chiangrai",1304242,2026-08-26 12:00:00+00:00,10.0,19.909217,99.823467,Air4Thai,Unknown Governmental Organization
2328,"Natural Resources and Environment Office, Chiangrai",1304242,2026-08-26 13:00:00+00:00,10.1,19.909217,99.823467,Air4Thai,Unknown Governmental Organization
2328,"Natural Resources and Environment Office, Chiangrai",1304242,2026-08-26 14:00:00+00:00,10.2,19.909217,99.823467,Air4Thai,Unknown Governmental Organization
2328,"Natural Resources and Environment Office, Chiangrai",1304242,2026-08-26 15:00:00+00:00,10.2,19.909217,99.823467,Air4Thai,Unknown Governmental Organization
2328,"Natural Resources and Environment Office, Chiangrai",1304242,2026-08-26 16:00:00+00:00,10.0,19.909217,99.823467,Air4Thai,Unknown Governmental Organization
2352,Thonburi Power Sub-Station,5077771,2026-08-26 05:00:00+00:00,12.6,13.727622,100.486568,Air4Thai,Unknown Governmental Organization
2352,Thonburi Power Sub-Station,5077771,2026-08-26 06:00:00+00:00,12.5,13.727622,100.486568,Air4Thai,Unknown Governmental Organization
2352,Thonburi Power Sub-Station,5077771,2026-08-26 07:00:00+00:00,12.2,13.727622,100.486568,Air4Thai,Unknown Governmental Organization
2352,Thonburi Power Sub-Station,5077771,2026-08-26 08:00:00+00:00,12.4,13.727622,100.486568,Air4Thai,Unknown Governmental Organization
2352,Thonburi Power Sub-Station,5077771,2026-08-26 09:00:00+00:00,12.4,13.727622,100.486568,Air4Thai,Unknown Governmental Organization
2352,Thonburi Power Sub-Station,5077771,2026-08-26 10:00:00+00:00,12.1,13.727622,100.486568,Air4Thai,Unknown Governmental Organization
2352,Thonburi Power Sub-Station,5077771,2026-08-26 11:00:00+00:00,11.9,13.727622,100.486568,Air4Thai,Unknown Governmental Organization
2352,Thonburi Power Sub-Station,5077771,2026-08-26 12:00:00+00:00,11.5,13.727622,100.486568,Air4Thai,Unknown Governmental Organization
2352,Thonburi Power Sub-Station,5077771,2026-08-26 13:00:00+00:00,11.2,13.727622,100.486568,Air4Thai,Unknown Governmental Organization
2352,Thonburi Power Sub-Station,5077771,2026-08-26 14:00:00+00:00,10.9,13.727622,100.486568,Air4Thai,Unknown Governmental Organization
2352,Thonburi Power Sub-Station,5077771,2026-08-26 15:00:00+00:00,10.9,13.727622,100.486568,Air4Thai,Unknown Governmental Organization
2352,Thonburi Power Sub-Station,5077771,2026-08-26 16:00:00+00:00,11.7,13.727622,100.486568,Air4Thai,Unknown Governmental Organization
2375,Bodindecha Sing Singhaseni School,1304120,2026-08-26 05:00:00+00:00,10.4,13.769634,100.614567,Air4Thai,Unknown Governmental Organization
2375,Bodindecha Sing Singhaseni School,1304120,2026-08-26 06:00:00+00:00,10.3,13.769634,100.614567,Air4Thai,Unknown Governmental Organization
2375,Bodindecha Sing Singhaseni School,1304120,2026-08-26 07:00:00+00:00,10.4,13.769634,100.614567,Air4Thai,Unknown Governmental Organization
2375,Bodindecha Sing Singhaseni School,1304120,2026-08-26 08:00:00+00:00,10.1,13.769634,100.614567,Air4Thai,Unknown Governmental Organization
2375,Bodindecha Sing Singhaseni School,1304120,2026-08-26 09:00:00+00:00,10.1,13.769634,100.614567,Air4Thai,Unknown Governmental Organization
2375,Bodindecha Sing Singhaseni School,1304120,2026-08-26 10:00:00+00:00,9.8,13.769634,100.614567,Air4Thai,Unknown Governmental Organization
2375,Bodindecha Sing Singhaseni School,1304120,2026-08-26 11:00:00+00:00,9.6,13.769634,100.614567,Air4Thai,Unknown Governmental Organization
2375,Bodindecha Sing Singhaseni School,1304120,2026-08-26 12:00:00+00:00,9.6,13.769634,100.614567,Air4Thai,Unknown Governmental Organization
2375,Bodindecha Sing Singhaseni School,1304120,2026-08-26 13:00:00+00:00,9.6,13.769634,100.614567,Air4Thai,Unknown Governmental Organization
2375,Bodindecha Sing Singhaseni School,1304120,2026-08-26 14:00:00+00:00,9.7,13.769634,100.614567,Air4Thai,Unknown Governmental Organization
2375,Bodindecha Sing Singhaseni School,1304120,2026-08-26 15:00:00+00:00,9.7,13.769634,100.614567,Air4Thai,Unknown Governmental Organization
2375,Bodindecha Sing Singhaseni School,1304120,2026-08-26 16:00:00+00:00,9.4,13.769634,100.614567,Air4Thai,Unknown Governmental Organization
2376,Samut Sakhon Wittayalai School,1304154,2026-08-26 05:00:00+00:00,15.8,13.5502631,100.2647676,Air4Thai,Unknown Governmental Organization
2376,Samut Sakhon Wittayalai School,1304154,2026-08-26 06:00:00+00:00,15.5,13.5502631,100.2647676,Air4Thai,Unknown Governmental Organization
2376,Samut Sakhon Wittayalai School,1304154,2026-08-26 07:00:00+00:00,15.4,13.5502631,100.2647676,Air4Thai,Unknown Governmental Organization
2376,Samut Sakhon Wittayalai School,1304154,2026-08-26 08:00:00+00:00,19.9,13.5502631,100.2647676,Air4Thai,Unknown Governmental Organization
2376,Samut Sakhon Wittayalai School,1304154,2026-08-26 09:00:00+00:00,15.0,13.5502631,100.2647676,Air4Thai,Unknown Governmental Organization
2376,Samut Sakhon Wittayalai School,1304154,2026-08-26 10:00:00+00:00,14.5,13.5502631,100.2647676,Air4Thai,Unknown Governmental Organization
2376,Samut Sakhon Wittayalai School,1304154,2026-08-26 11:00:00+00:00,14.2,13.5502631,100.2647676,Air4Thai,Unknown Governmental Organization
2376,Samut Sakhon Wittayalai School,1304154,2026-08-26 12:00:00+00:00,13.8,13.5502631,100.2647676,Air4Thai,Unknown Governmental Organization
2376,Samut Sakhon Wittayalai School,1304154,2026-08-26 13:00:00+00:00,13.3,13.5502631,100.2647676,Air4Thai,Unknown Governmental Organization
2376,Samut Sakhon Wittayalai School,1304154,2026-08-26 14:00:00+00:00,13.0,13.5502631,100.2647676,Air4Thai,Unknown Governmental Organization
2376,Samut Sakhon Wittayalai School,1304154,2026-08-26 15:00:00+00:00,12.2,13.5502631,100.2647676,Air4Thai,Unknown Governmental Organization
2376,Samut Sakhon Wittayalai School,1304154,2026-08-26 16:00:00+00:00,11.3,13.5502631,100.2647676,Air4Thai,Unknown Governmental Organization
2407,Municipality Office Tungsadao,1304052,2026-08-26 05:00:00+00:00,17.6,13.588500000000002,101.28633329999998,Air4Thai,Unknown Governmental Organization
2407,Municipality Office Tungsadao,1304052,2026-08-26 06:00:00+00:00,17.4,13.588500000000002,101.28633329999998,Air4Thai,Unknown Governmental Organization
2407,Municipality Office Tungsadao,1304052,2026-08-26 07:00:00+00:00,17.3,13.588500000000002,101.28633329999998,Air4Thai,Unknown Governmental Organization
2407,Municipality Office Tungsadao,1304052,2026-08-26 08:00:00+00:00,17.2,13.588500000000002,101.28633329999998,Air4Thai,Unknown Governmental Organization
2407,Municipality Office Tungsadao,1304052,2026-08-26 09:00:00+00:00,17.2,13.588500000000002,101.28633329999998,Air4Thai,Unknown Governmental Organization
2407,Municipality Office Tungsadao,1304052,2026-08-26 10:00:00+00:00,16.7,13.588500000000002,101.28633329999998,Air4Thai,Unknown Governmental Organization
2407,Municipality Office Tungsadao,1304052,2026-08-26 11:00:00+00:00,16.4,13.588500000000002,101.28633329999998,Air4Thai,Unknown Governmental Organization
2407,Municipality Office Tungsadao,1304052,2026-08-26 12:00:00+00:00,16.1,13.588500000000002,101.28633329999998,Air4Thai,Unknown Governmental Organization
2407,Municipality Office Tungsadao,1304052,2026-08-26 13:00:00+00:00,16.0,13.588500000000002,101.28633329999998,Air4Thai,Unknown Governmental Organization
2407,Municipality Office Tungsadao,1304052,2026-08-26 14:00:00+00:00,15.5,13.588500000000002,101.28633329999998,Air4Thai,Unknown Governmental Organization
2407,Municipality Office Tungsadao,1304052,2026-08-26 15:00:00+00:00,15.0,13.588500000000002,101.28633329999998,Air4Thai,Unknown Governmental Organization
2407,Municipality Office Tungsadao,1304052,2026-08-26 16:00:00+00:00,14.4,13.588500000000002,101.28633329999998,Air4Thai,Unknown Governmental Organization
2411,Health Promotion Hospital Banthasri,1304059,2026-08-26 05:00:00+00:00,10.6,18.4267833,99.7576333,Air4Thai,Unknown Governmental Organization
2411,Health Promotion Hospital Banthasri,1304059,2026-08-26 07:00:00+00:00,10.4,18.4267833,99.7576333,Air4Thai,Unknown Governmental Organization
2411,Health Promotion Hospital Banthasri,1304059,2026-08-26 08:00:00+00:00,10.3,18.4267833,99.7576333,Air4Thai,Unknown Governmental Organization
2411,Health Promotion Hospital Banthasri,1304059,2026-08-26 09:00:00+00:00,10.2,18.4267833,99.7576333,Air4Thai,Unknown Governmental Organization
2411,Health Promotion Hospital Banthasri,1304059,2026-08-26 10:00:00+00:00,10.1,18.4267833,99.7576333,Air4Thai,Unknown Governmental Organization
2411,Health Promotion Hospital Banthasri,1304059,2026-08-26 15:00:00+00:00,9.8,18.4267833,99.7576333,Air4Thai,Unknown Governmental Organization
2433,Nonsi Witthaya School,1304284,2026-08-26 05:00:00+00:00,10.9,13.70806667,100.5473333,Air4Thai,Unknown Governmental Organization
2433,Nonsi Witthaya School,1304284,2026-08-26 07:00:00+00:00,10.0,13.70806667,100.5473333,Air4Thai,Unknown Governmental Organization
2433,Nonsi Witthaya School,1304284,2026-08-26 08:00:00+00:00,10.6,13.70806667,100.5473333,Air4Thai,Unknown Governmental Organization
2433,Nonsi Witthaya School,1304284,2026-08-26 09:00:00+00:00,10.5,13.70806667,100.5473333,Air4Thai,Unknown Governmental Organization
2433,Nonsi Witthaya School,1304284,2026-08-26 10:00:00+00:00,10.3,13.70806667,100.5473333,Air4Thai,Unknown Governmental Organization
2433,Nonsi Witthaya School,1304284,2026-08-26 15:00:00+00:00,9.9,13.70806667,100.5473333,Air4Thai,Unknown Governmental Organization
5545,Chulalongkorn Hospital,1304222,2026-08-26 05:00:00+00:00,12.9,13.729852,100.536501,Air4Thai,Unknown Governmental Organization
5545,Chulalongkorn Hospital,1304222,2026-08-26 06:00:00+00:00,12.8,13.729852,100.536501,Air4Thai,Unknown Governmental Organization
5545,Chulalongkorn Hospital,1304222,2026-08-26 07:00:00+00:00,12.8,13.729852,100.536501,Air4Thai,Unknown Governmental Organization
5545,Chulalongkorn Hospital,1304222,2026-08-26 08:00:00+00:00,12.6,13.729852,100.536501,Air4Thai,Unknown Governmental Organization
5545,Chulalongkorn Hospital,1304222,2026-08-26 09:00:00+00:00,12.6,13.729852,100.536501,Air4Thai,Unknown Governmental Organization
5545,Chulalongkorn Hospital,1304222,2026-08-26 10:00:00+00:00,12.5,13.729852,100.536501,Air4Thai,Unknown Governmental Organization
5545,Chulalongkorn Hospital,1304222,2026-08-26 11:00:00+00:00,12.3,13.729852,100.536501,Air4Thai,Unknown Governmental Organization
5545,Chulalongkorn Hospital,1304222,2026-08-26 12:00:00+00:00,12.3,13.729852,100.536501,Air4Thai,Unknown Governmental Organization
5545,Chulalongkorn Hospital,1304222,2026-08-26 13:00:00+00:00,12.2,13.729852,100.536501,Air4Thai,Unknown Governmental Organization
5545,Chulalongkorn Hospital,1304222,2026-08-26 14:00:00+00:00,12.3,13.729852,100.536501,Air4Thai,Unknown Governmental Organization
5545,Chulalongkorn Hospital,1304222,2026-08-26 15:00:00+00:00,12.2,13.729852,100.536501,Air4Thai,Unknown Governmental Organization
5545,Chulalongkorn Hospital,1304222,2026-08-26 16:00:00+00:00,11.9,13.729852,100.536501,Air4Thai,Unknown Governmental Organization
7747,Hydrogeological Group Water Resources Regional Office4 khonkaen,1304249,2026-08-26 05:00:00+00:00,20.2,16.44538333,102.83525,Air4Thai,Unknown Governmental Organization
7747,Hydrogeological Group Water Resources Regional Office4 khonkaen,1304249,2026-08-26 06:00:00+00:00,20.2,16.44538333,102.83525,Air4Thai,Unknown Governmental Organization
7747,Hydrogeological Group Water Resources Regional Office4 khonkaen,1304249,2026-08-26 07:00:00+00:00,19.8,16.44538333,102.83525,Air4Thai,Unknown Governmental Organization
7747,Hydrogeological Group Water Resources Regional Office4 khonkaen,1304249,2026-08-26 08:00:00+00:00,19.8,16.44538333,102.83525,Air4Thai,Unknown Governmental Organization
7747,Hydrogeological Group Water Resources Regional Office4 khonkaen,1304249,2026-08-26 09:00:00+00:00,19.7,16.44538333,102.83525,Air4Thai,Unknown Governmental Organization
7747,Hydrogeological Group Water Resources Regional Office4 khonkaen,1304249,2026-08-26 10:00:00+00:00,19.7,16.44538333,102.83525,Air4Thai,Unknown Governmental Organization
7747,Hydrogeological Group Water Resources Regional Office4 khonkaen,1304249,2026-08-26 11:00:00+00:00,19.6,16.44538333,102.83525,Air4Thai,Unknown Governmental Organization
7747,Hydrogeological Group Water Resources Regional Office4 khonkaen,1304249,2026-08-26 12:00:00+00:00,19.4,16.44538333,102.83525,Air4Thai,Unknown Governmental Organization
7747,Hydrogeological Group Water Resources Regional Office4 khonkaen,1304249,2026-08-26 13:00:00+00:00,19.4,16.44538333,102.83525,Air4Thai,Unknown Governmental Organization
7747,Hydrogeological Group Water Resources Regional Office4 khonkaen,1304249,2026-08-26 14:00:00+00:00,19.4,16.44538333,102.83525,Air4Thai,Unknown Governmental Organization
7747,Hydrogeological Group Water Resources Regional Office4 khonkaen,1304249,2026-08-26 15:00:00+00:00,19.2,16.44538333,102.83525,Air4Thai,Unknown Governmental Organization
7747,Hydrogeological Group Water Resources Regional Office4 khonkaen,1304249,2026-08-26 16:00:00+00:00,18.8,16.44538333,102.83525,Air4Thai,Unknown Governmental Organization
7840,Laem Chabang Municipal Stadium,1304350,2026-08-26 11:00:00+00:00,8.5,13.11923333,100.91855,Air4Thai,Unknown Governmental Organization
7840,Laem Chabang Municipal Stadium,1304350,2026-08-26 12:00:00+00:00,8.4,13.11923333,100.91855,Air4Thai,Unknown Governmental Organization
7840,Laem Chabang Municipal Stadium,1304350,2026-08-26 13:00:00+00:00,8.2,13.11923333,100.91855,Air4Thai,Unknown Governmental Organization
7840,Laem Chabang Municipal Stadium,1304350,2026-08-26 14:00:00+00:00,8.2,13.11923333,100.91855,Air4Thai,Unknown Governmental Organization
7840,Laem Chabang Municipal Stadium,1304350,2026-08-26 15:00:00+00:00,7.9,13.11923333,100.91855,Air4Thai,Unknown Governmental Organization
7840,Laem Chabang Municipal Stadium,1304350,2026-08-26 16:00:00+00:00,7.4,13.11923333,100.91855,Air4Thai,Unknown Governmental Organization
7846,"Field Crop Research Center, Rayong",1611423,2026-08-26 05:00:00+00:00,9.7,12.73518333,101.13565,Air4Thai,Unknown Governmental Organization
7846,"Field Crop Research Center, Rayong",1611423,2026-08-26 06:00:00+00:00,10.1,12.73518333,101.13565,Air4Thai,Unknown Governmental Organization
7846,"Field Crop Research Center, Rayong",1611423,2026-08-26 07:00:00+00:00,10.6,12.73518333,101.13565,Air4Thai,Unknown Governmental Organization
7846,"Field Crop Research Center, Rayong",1611423,2026-08-26 08:00:00+00:00,11.1,12.73518333,101.13565,Air4Thai,Unknown Governmental Organization
7846,"Field Crop Research Center, Rayong",1611423,2026-08-26 09:00:00+00:00,11.6,12.73518333,101.13565,Air4Thai,Unknown Governmental Organization
7846,"Field Crop Research Center, Rayong",1611423,2026-08-26 10:00:00+00:00,12.1,12.73518333,101.13565,Air4Thai,Unknown Governmental Organization
7846,"Field Crop Research Center, Rayong",1611423,2026-08-26 11:00:00+00:00,12.6,12.73518333,101.13565,Air4Thai,Unknown Governmental Organization
7846,"Field Crop Research Center, Rayong",1611423,2026-08-26 12:00:00+00:00,12.8,12.73518333,101.13565,Air4Thai,Unknown Governmental Organization
7846,"Field Crop Research Center, Rayong",1611423,2026-08-26 13:00:00+00:00,12.8,12.73518333,101.13565,Air4Thai,Unknown Governmental Organization
7846,"Field Crop Research Center, Rayong",1611423,2026-08-26 14:00:00+00:00,12.8,12.73518333,101.13565,Air4Thai,Unknown Governmental Organization
7846,"Field Crop Research Center, Rayong",1611423,2026-08-26 15:00:00+00:00,12.8,12.73518333,101.13565,Air4Thai,Unknown Governmental Organization
7846,"Field Crop Research Center, Rayong",1611423,2026-08-26 16:00:00+00:00,12.9,12.73518333,101.13565,Air4Thai,Unknown Governmental Organization
225567,Maesai Health Office,1304055,2026-08-26 05:00:00+00:00,11.7,20.427325,99.883842,Air4Thai,Unknown Governmental Organization
225567,Maesai Health Office,1304055,2026-08-26 06:00:00+00:00,11.4,20.427325,99.883842,Air4Thai,Unknown Governmental Organization
225567,Maesai Health Office,1304055,2026-08-26 07:00:00+00:00,11.4,20.427325,99.883842,Air4Thai,Unknown Governmental Organization
225567,Maesai Health Office,1304055,2026-08-26 08:00:00+00:00,11.5,20.427325,99.883842,Air4Thai,Unknown Governmental Organization
225567,Maesai Health Office,1304055,2026-08-26 09:00:00+00:00,11.5,20.427325,99.883842,Air4Thai,Unknown Governmental Organization
225567,Maesai Health Office,1304055,2026-08-26 10:00:00+00:00,11.4,20.427325,99.883842,Air4Thai,Unknown Governmental Organization
225567,Maesai Health Office,1304055,2026-08-26 11:00:00+00:00,11.2,20.427325,99.883842,Air4Thai,Unknown Governmental Organization
225567,Maesai Health Office,1304055,2026-08-26 12:00:00+00:00,11.3,20.427325,99.883842,Air4Thai,Unknown Governmental Organization
225567,Maesai Health Office,1304055,2026-08-26 13:00:00+00:00,11.7,20.427325,99.883842,Air4Thai,Unknown Governmental Organization
225567,Maesai Health Office,1304055,2026-08-26 14:00:00+00:00,12.3,20.427325,99.883842,Air4Thai,Unknown Governmental Organization
225567,Maesai Health Office,1304055,2026-08-26 15:00:00+00:00,12.7,20.427325,99.883842,Air4Thai,Unknown Governmental Organization
225567,Maesai Health Office,1304055,2026-08-26 16:00:00+00:00,13.0,20.427325,99.883842,Air4Thai,Unknown Governmental Organization
225568,"Bang Khen District Office, Bangkok",1304254,2026-08-26 05:00:00+00:00,14.7,13.873603,100.595839,Air4Thai,Unknown Governmental Organization
225568,"Bang Khen District Office, Bangkok",1304254,2026-08-26 06:00:00+00:00,14.6,13.873603,100.595839,Air4Thai,Unknown Governmental Organization
225568,"Bang Khen District Office, Bangkok",1304254,2026-08-26 07:00:00+00:00,14.4,13.873603,100.595839,Air4Thai,Unknown Governmental Organization
225568,"Bang Khen District Office, Bangkok",1304254,2026-08-26 08:00:00+00:00,14.7,13.873603,100.595839,Air4Thai,Unknown Governmental Organization
225568,"Bang Khen District Office, Bangkok",1304254,2026-08-26 09:00:00+00:00,14.5,13.873603,100.595839,Air4Thai,Unknown Governmental Organization
225568,"Bang Khen District Office, Bangkok",1304254,2026-08-26 10:00:00+00:00,14.4,13.873603,100.595839,Air4Thai,Unknown Governmental Organization
225568,"Bang Khen District Office, Bangkok",1304254,2026-08-26 11:00:00+00:00,14.2,13.873603,100.595839,Air4Thai,Unknown Governmental Organization
225568,"Bang Khen District Office, Bangkok",1304254,2026-08-26 12:00:00+00:00,14.4,13.873603,100.595839,Air4Thai,Unknown Governmental Organization
225568,"Bang Khen District Office, Bangkok",1304254,2026-08-26 13:00:00+00:00,14.5,13.873603,100.595839,Air4Thai,Unknown Governmental Organization
225568,"Bang Khen District Office, Bangkok",1304254,2026-08-26 14:00:00+00:00,14.5,13.873603,100.595839,Air4Thai,Unknown Governmental Organization
225568,"Bang Khen District Office, Bangkok",1304254,2026-08-26 15:00:00+00:00,14.3,13.873603,100.595839,Air4Thai,Unknown Governmental Organization
225568,"Bang Khen District Office, Bangkok",1304254,2026-08-26 16:00:00+00:00,14.0,13.873603,100.595839,Air4Thai,Unknown Governmental Organization
225569,Health Promotion Hospital Bankhaohin,1304408,2026-08-26 05:00:00+00:00,10.5,13.054551,101.098128,Air4Thai,Unknown Governmental Organization
225569,Health Promotion Hospital Bankhaohin,1304408,2026-08-26 06:00:00+00:00,10.3,13.054551,101.098128,Air4Thai,Unknown Governmental Organization
225569,Health Promotion Hospital Bankhaohin,1304408,2026-08-26 07:00:00+00:00,10.2,13.054551,101.098128,Air4Thai,Unknown Governmental Organization
225569,Health Promotion Hospital Bankhaohin,1304408,2026-08-26 08:00:00+00:00,10.0,13.054551,101.098128,Air4Thai,Unknown Governmental Organization
225569,Health Promotion Hospital Bankhaohin,1304408,2026-08-26 09:00:00+00:00,9.5,13.054551,101.098128,Air4Thai,Unknown Governmental Organization
225569,Health Promotion Hospital Bankhaohin,1304408,2026-08-26 10:00:00+00:00,9.1,13.054551,101.098128,Air4Thai,Unknown Governmental Organization
225569,Health Promotion Hospital Bankhaohin,1304408,2026-08-26 11:00:00+00:00,8.6,13.054551,101.098128,Air4Thai,Unknown Governmental Organization
225569,Health Promotion Hospital Bankhaohin,1304408,2026-08-26 12:00:00+00:00,8.5,13.054551,101.098128,Air4Thai,Unknown Governmental Organization
225569,Health Promotion Hospital Bankhaohin,1304408,2026-08-26 13:00:00+00:00,8.0,13.054551,101.098128,Air4Thai,Unknown Governmental Organization
225569,Health Promotion Hospital Bankhaohin,1304408,2026-08-26 14:00:00+00:00,7.6,13.054551,101.098128,Air4Thai,Unknown Governmental Organization
225569,Health Promotion Hospital Bankhaohin,1304408,2026-08-26 15:00:00+00:00,7.1,13.054551,101.098128,Air4Thai,Unknown Governmental Organization
225569,Health Promotion Hospital Bankhaohin,1304408,2026-08-26 16:00:00+00:00,7.1,13.054551,101.098128,Air4Thai,Unknown Governmental Organization
225570,"Meteorological stations, Lampang",1304365,2026-08-26 05:00:00+00:00,11.2,18.2783333,99.5064666,Air4Thai,Unknown Governmental Organization
225570,"Meteorological stations, Lampang",1304365,2026-08-26 07:00:00+00:00,11.0,18.2783333,99.5064666,Air4Thai,Unknown Governmental Organization
225570,"Meteorological stations, Lampang",1304365,2026-08-26 08:00:00+00:00,10.9,18.2783333,99.5064666,Air4Thai,Unknown Governmental Organization
225570,"Meteorological stations, Lampang",1304365,2026-08-26 09:00:00+00:00,10.8,18.2783333,99.5064666,Air4Thai,Unknown Governmental Organization
225570,"Meteorological stations, Lampang",1304365,2026-08-26 10:00:00+00:00,10.7,18.2783333,99.5064666,Air4Thai,Unknown Governmental Organization
225570,"Meteorological stations, Lampang",1304365,2026-08-26 15:00:00+00:00,10.3,18.2783333,99.5064666,Air4Thai,Unknown Governmental Organization
225571,"Bang Khun Thian District Office, Bangkok",1304176,2026-08-26 05:00:00+00:00,16.4,13.659908,100.435902,Air4Thai,Unknown Governmental Organization
225571,"Bang Khun Thian District Office, Bangkok",1304176,2026-08-26 06:00:00+00:00,16.5,13.659908,100.435902,Air4Thai,Unknown Governmental Organization
225571,"Bang Khun Thian District Office, Bangkok",1304176,2026-08-26 07:00:00+00:00,16.5,13.659908,100.435902,Air4Thai,Unknown Governmental Organization
225571,"Bang Khun Thian District Office, Bangkok",1304176,2026-08-26 08:00:00+00:00,16.6,13.659908,100.435902,Air4Thai,Unknown Governmental Organization
225571,"Bang Khun Thian District Office, Bangkok",1304176,2026-08-26 09:00:00+00:00,16.7,13.659908,100.435902,Air4Thai,Unknown Governmental Organization
225571,"Bang Khun Thian District Office, Bangkok",1304176,2026-08-26 10:00:00+00:00,16.3,13.659908,100.435902,Air4Thai,Unknown Governmental Organization
225571,"Bang Khun Thian District Office, Bangkok",1304176,2026-08-26 11:00:00+00:00,15.7,13.659908,100.435902,Air4Thai,Unknown Governmental Organization
225571,"Bang Khun Thian District Office, Bangkok",1304176,2026-08-26 12:00:00+00:00,15.6,13.659908,100.435902,Air4Thai,Unknown Governmental Organization
225571,"Bang Khun Thian District Office, Bangkok",1304176,2026-08-26 13:00:00+00:00,15.4,13.659908,100.435902,Air4Thai,Unknown Governmental Organization
225571,"Bang Khun Thian District Office, Bangkok",1304176,2026-08-26 14:00:00+00:00,15.1,13.659908,100.435902,Air4Thai,Unknown Governmental Organization
225571,"Bang Khun Thian District Office, Bangkok",1304176,2026-08-26 15:00:00+00:00,15.0,13.659908,100.435902,Air4Thai,Unknown Governmental Organization
225571,"Bang Khun Thian District Office, Bangkok",1304176,2026-08-26 16:00:00+00:00,15.0,13.659908,100.435902,Air4Thai,Unknown Governmental Organization
225572,Kasertsart University,1304409,2026-08-26 05:00:00+00:00,9.3,13.839923,100.575632,Air4Thai,Unknown Governmental Organization
225572,Kasertsart University,1304409,2026-08-26 06:00:00+00:00,9.1,13.839923,100.575632,Air4Thai,Unknown Governmental Organization
225572,Kasertsart University,1304409,2026-08-26 07:00:00+00:00,8.8,13.839923,100.575632,Air4Thai,Unknown Governmental Organization
225572,Kasertsart University,1304409,2026-08-26 08:00:00+00:00,9.0,13.839923,100.575632,Air4Thai,Unknown Governmental Organization
225572,Kasertsart University,1304409,2026-08-26 09:00:00+00:00,9.2,13.839923,100.575632,Air4Thai,Unknown Governmental Organization
225572,Kasertsart University,1304409,2026-08-26 10:00:00+00:00,9.1,13.839923,100.575632,Air4Thai,Unknown Governmental Organization
225572,Kasertsart University,1304409,2026-08-26 11:00:00+00:00,8.7,13.839923,100.575632,Air4Thai,Unknown Governmental Organization
225572,Kasertsart University,1304409,2026-08-26 12:00:00+00:00,8.6,13.839923,100.575632,Air4Thai,Unknown Governmental Organization
225572,Kasertsart University,1304409,2026-08-26 13:00:00+00:00,8.7,13.839923,100.575632,Air4Thai,Unknown Governmental Organization
225572,Kasertsart University,1304409,2026-08-26 14:00:00+00:00,8.9,13.839923,100.575632,Air4Thai,Unknown Governmental Organization
225572,Kasertsart University,1304409,2026-08-26 15:00:00+00:00,8.8,13.839923,100.575632,Air4Thai,Unknown Governmental Organization
225572,Kasertsart University,1304409,2026-08-26 16:00:00+00:00,11.9,13.839923,100.575632,Air4Thai,Unknown Governmental Organization
225573,Hat Yai Municipality,1304393,2026-08-26 05:00:00+00:00,16.6,7.020434,100.484088,Air4Thai,Unknown Governmental Organization
225573,Hat Yai Municipality,1304393,2026-08-26 06:00:00+00:00,16.3,7.020434,100.484088,Air4Thai,Unknown Governmental Organization
225573,Hat Yai Municipality,1304393,2026-08-26 07:00:00+00:00,15.9,7.020434,100.484088,Air4Thai,Unknown Governmental Organization
225573,Hat Yai Municipality,1304393,2026-08-26 08:00:00+00:00,15.6,7.020434,100.484088,Air4Thai,Unknown Governmental Organization
225573,Hat Yai Municipality,1304393,2026-08-26 09:00:00+00:00,15.4,7.020434,100.484088,Air4Thai,Unknown Governmental Organization
225573,Hat Yai Municipality,1304393,2026-08-26 10:00:00+00:00,15.2,7.020434,100.484088,Air4Thai,Unknown Governmental Organization
225573,Hat Yai Municipality,1304393,2026-08-26 15:00:00+00:00,14.3,7.020434,100.484088,Air4Thai,Unknown Governmental Organization
225574,"Phra Kanong District Office,  Bangkok",1304286,2026-08-26 05:00:00+00:00,13.6,13.691511,100.61457,Air4Thai,Unknown Governmental Organization
225574,"Phra Kanong District Office,  Bangkok",1304286,2026-08-26 06:00:00+00:00,13.4,13.691511,100.61457,Air4Thai,Unknown Governmental Organization
225574,"Phra Kanong District Office,  Bangkok",1304286,2026-08-26 07:00:00+00:00,13.2,13.691511,100.61457,Air4Thai,Unknown Governmental Organization
225574,"Phra Kanong District Office,  Bangkok",1304286,2026-08-26 08:00:00+00:00,13.1,13.691511,100.61457,Air4Thai,Unknown Governmental Organization
225574,"Phra Kanong District Office,  Bangkok",1304286,2026-08-26 09:00:00+00:00,12.9,13.691511,100.61457,Air4Thai,Unknown Governmental Organization
225574,"Phra Kanong District Office,  Bangkok",1304286,2026-08-26 10:00:00+00:00,12.6,13.691511,100.61457,Air4Thai,Unknown Governmental Organization
225574,"Phra Kanong District Office,  Bangkok",1304286,2026-08-26 11:00:00+00:00,12.3,13.691511,100.61457,Air4Thai,Unknown Governmental Organization
225574,"Phra Kanong District Office,  Bangkok",1304286,2026-08-26 12:00:00+00:00,12.0,13.691511,100.61457,Air4Thai,Unknown Governmental Organization
225574,"Phra Kanong District Office,  Bangkok",1304286,2026-08-26 13:00:00+00:00,11.7,13.691511,100.61457,Air4Thai,Unknown Governmental Organization
225574,"Phra Kanong District Office,  Bangkok",1304286,2026-08-26 14:00:00+00:00,11.7,13.691511,100.61457,Air4Thai,Unknown Governmental Organization
225574,"Phra Kanong District Office,  Bangkok",1304286,2026-08-26 15:00:00+00:00,11.5,13.691511,100.61457,Air4Thai,Unknown Governmental Organization
225574,"Phra Kanong District Office,  Bangkok",1304286,2026-08-26 16:00:00+00:00,11.5,13.691511,100.61457,Air4Thai,Unknown Governmental Organization
225575,Bangkok Noi Train Police Station,1304403,2026-08-26 05:00:00+00:00,13.5,13.759619,100.481137,Air4Thai,Unknown Governmental Organization
225575,Bangkok Noi Train Police Station,1304403,2026-08-26 06:00:00+00:00,13.3,13.759619,100.481137,Air4Thai,Unknown Governmental Organization
225575,Bangkok Noi Train Police Station,1304403,2026-08-26 07:00:00+00:00,13.1,13.759619,100.481137,Air4Thai,Unknown Governmental Organization
225575,Bangkok Noi Train Police Station,1304403,2026-08-26 08:00:00+00:00,13.1,13.759619,100.481137,Air4Thai,Unknown Governmental Organization
225575,Bangkok Noi Train Police Station,1304403,2026-08-26 09:00:00+00:00,13.1,13.759619,100.481137,Air4Thai,Unknown Governmental Organization
225575,Bangkok Noi Train Police Station,1304403,2026-08-26 10:00:00+00:00,13.1,13.759619,100.481137,Air4Thai,Unknown Governmental Organization
225575,Bangkok Noi Train Police Station,1304403,2026-08-26 11:00:00+00:00,13.1,13.759619,100.481137,Air4Thai,Unknown Governmental Organization
225575,Bangkok Noi Train Police Station,1304403,2026-08-26 12:00:00+00:00,13.2,13.759619,100.481137,Air4Thai,Unknown Governmental Organization
225575,Bangkok Noi Train Police Station,1304403,2026-08-26 13:00:00+00:00,13.3,13.759619,100.481137,Air4Thai,Unknown Governmental Organization
225575,Bangkok Noi Train Police Station,1304403,2026-08-26 14:00:00+00:00,13.4,13.759619,100.481137,Air4Thai,Unknown Governmental Organization
225575,Bangkok Noi Train Police Station,1304403,2026-08-26 15:00:00+00:00,13.4,13.759619,100.481137,Air4Thai,Unknown Governmental Organization
225575,Bangkok Noi Train Police Station,1304403,2026-08-26 16:00:00+00:00,13.3,13.759619,100.481137,Air4Thai,Unknown Governmental Organization
225577,"Bank of Ayuthaya Head Office Yan Nawa, Bangkok",1304381,2026-08-26 05:00:00+00:00,14.4,13.679226,100.54687,Air4Thai,Unknown Governmental Organization
225577,"Bank of Ayuthaya Head Office Yan Nawa, Bangkok",1304381,2026-08-26 06:00:00+00:00,14.8,13.679226,100.54687,Air4Thai,Unknown Governmental Organization
225577,"Bank of Ayuthaya Head Office Yan Nawa, Bangkok",1304381,2026-08-26 07:00:00+00:00,14.6,13.679226,100.54687,Air4Thai,Unknown Governmental Organization
225577,"Bank of Ayuthaya Head Office Yan Nawa, Bangkok",1304381,2026-08-26 08:00:00+00:00,14.4,13.679226,100.54687,Air4Thai,Unknown Governmental Organization
225577,"Bank of Ayuthaya Head Office Yan Nawa, Bangkok",1304381,2026-08-26 09:00:00+00:00,14.0,13.679226,100.54687,Air4Thai,Unknown Governmental Organization
225577,"Bank of Ayuthaya Head Office Yan Nawa, Bangkok",1304381,2026-08-26 10:00:00+00:00,13.5,13.679226,100.54687,Air4Thai,Unknown Governmental Organization
225577,"Bank of Ayuthaya Head Office Yan Nawa, Bangkok",1304381,2026-08-26 11:00:00+00:00,13.4,13.679226,100.54687,Air4Thai,Unknown Governmental Organization
225577,"Bank of Ayuthaya Head Office Yan Nawa, Bangkok",1304381,2026-08-26 12:00:00+00:00,13.4,13.679226,100.54687,Air4Thai,Unknown Governmental Organization
225577,"Bank of Ayuthaya Head Office Yan Nawa, Bangkok",1304381,2026-08-26 13:00:00+00:00,13.1,13.679226,100.54687,Air4Thai,Unknown Governmental Organization
225577,"Bank of Ayuthaya Head Office Yan Nawa, Bangkok",1304381,2026-08-26 14:00:00+00:00,12.5,13.679226,100.54687,Air4Thai,Unknown Governmental Organization
225577,"Bank of Ayuthaya Head Office Yan Nawa, Bangkok",1304381,2026-08-26 15:00:00+00:00,12.3,13.679226,100.54687,Air4Thai,Unknown Governmental Organization
225577,"Bank of Ayuthaya Head Office Yan Nawa, Bangkok",1304381,2026-08-26 16:00:00+00:00,12.3,13.679226,100.54687,Air4Thai,Unknown Governmental Organization
225578,White Elephant Park,1304427,2026-08-26 05:00:00+00:00,16.5,6.546205,101.283137,Air4Thai,Unknown Governmental Organization
225578,White Elephant Park,1304427,2026-08-26 07:00:00+00:00,15.7,6.546205,101.283137,Air4Thai,Unknown Governmental Organization
225578,White Elephant Park,1304427,2026-08-26 08:00:00+00:00,15.4,6.546205,101.283137,Air4Thai,Unknown Governmental Organization
225578,White Elephant Park,1304427,2026-08-26 09:00:00+00:00,15.2,6.546205,101.283137,Air4Thai,Unknown Governmental Organization
225578,White Elephant Park,1304427,2026-08-26 10:00:00+00:00,14.9,6.546205,101.283137,Air4Thai,Unknown Governmental Organization
225578,White Elephant Park,1304427,2026-08-26 15:00:00+00:00,14.0,6.546205,101.283137,Air4Thai,Unknown Governmental Organization
225579,Yupparaj Wittayalai School,1304368,2026-08-26 05:00:00+00:00,9.2,18.7909333,98.99,Air4Thai,Unknown Governmental Organization
225579,Yupparaj Wittayalai School,1304368,2026-08-26 06:00:00+00:00,9.1,18.7909333,98.99,Air4Thai,Unknown Governmental Organization
225579,Yupparaj Wittayalai School,1304368,2026-08-26 07:00:00+00:00,9.0,18.7909333,98.99,Air4Thai,Unknown Governmental Organization
225579,Yupparaj Wittayalai School,1304368,2026-08-26 08:00:00+00:00,9.2,18.7909333,98.99,Air4Thai,Unknown Governmental Organization
225579,Yupparaj Wittayalai School,1304368,2026-08-26 09:00:00+00:00,9.2,18.7909333,98.99,Air4Thai,Unknown Governmental Organization
225579,Yupparaj Wittayalai School,1304368,2026-08-26 10:00:00+00:00,9.2,18.7909333,98.99,Air4Thai,Unknown Governmental Organization
225579,Yupparaj Wittayalai School,1304368,2026-08-26 11:00:00+00:00,9.1,18.7909333,98.99,Air4Thai,Unknown Governmental Organization
225579,Yupparaj Wittayalai School,1304368,2026-08-26 12:00:00+00:00,9.2,18.7909333,98.99,Air4Thai,Unknown Governmental Organization
225579,Yupparaj Wittayalai School,1304368,2026-08-26 13:00:00+00:00,9.2,18.7909333,98.99,Air4Thai,Unknown Governmental Organization
225579,Yupparaj Wittayalai School,1304368,2026-08-26 14:00:00+00:00,9.1,18.7909333,98.99,Air4Thai,Unknown Governmental Organization
225579,Yupparaj Wittayalai School,1304368,2026-08-26 15:00:00+00:00,8.7,18.7909333,98.99,Air4Thai,Unknown Governmental Organization
225579,Yupparaj Wittayalai School,1304368,2026-08-26 16:00:00+00:00,8.0,18.7909333,98.99,Air4Thai,Unknown Governmental Organization
225580,National Housing Authority Klongchan,1304524,2026-08-26 05:00:00+00:00,10.6,13.779873,100.646009,Air4Thai,Unknown Governmental Organization
225580,National Housing Authority Klongchan,1304524,2026-08-26 06:00:00+00:00,13.6,13.779873,100.646009,Air4Thai,Unknown Governmental Organization
225580,National Housing Authority Klongchan,1304524,2026-08-26 07:00:00+00:00,10.4,13.779873,100.646009,Air4Thai,Unknown Governmental Organization
225580,National Housing Authority Klongchan,1304524,2026-08-26 08:00:00+00:00,10.3,13.779873,100.646009,Air4Thai,Unknown Governmental Organization
225580,National Housing Authority Klongchan,1304524,2026-08-26 09:00:00+00:00,10.1,13.779873,100.646009,Air4Thai,Unknown Governmental Organization
225580,National Housing Authority Klongchan,1304524,2026-08-26 10:00:00+00:00,9.6,13.779873,100.646009,Air4Thai,Unknown Governmental Organization
225580,National Housing Authority Klongchan,1304524,2026-08-26 14:00:00+00:00,18.2,13.779873,100.646009,Air4Thai,Unknown Governmental Organization
225580,National Housing Authority Klongchan,1304524,2026-08-26 15:00:00+00:00,9.5,13.779873,100.646009,Air4Thai,Unknown Governmental Organization
225581,Chalermprakiet Hospital,1304415,2026-08-26 05:00:00+00:00,11.8,19.5759666,101.0815166,Air4Thai,Unknown Governmental Organization
225581,Chalermprakiet Hospital,1304415,2026-08-26 06:00:00+00:00,11.7,19.5759666,101.0815166,Air4Thai,Unknown Governmental Organization
225581,Chalermprakiet Hospital,1304415,2026-08-26 07:00:00+00:00,11.6,19.5759666,101.0815166,Air4Thai,Unknown Governmental Organization
225581,Chalermprakiet Hospital,1304415,2026-08-26 08:00:00+00:00,11.4,19.5759666,101.0815166,Air4Thai,Unknown Governmental Organization
225581,Chalermprakiet Hospital,1304415,2026-08-26 09:00:00+00:00,11.2,19.5759666,101.0815166,Air4Thai,Unknown Governmental Organization
225581,Chalermprakiet Hospital,1304415,2026-08-26 10:00:00+00:00,11.1,19.5759666,101.0815166,Air4Thai,Unknown Governmental Organization
225581,Chalermprakiet Hospital,1304415,2026-08-26 11:00:00+00:00,11.3,19.5759666,101.0815166,Air4Thai,Unknown Governmental Organization
225581,Chalermprakiet Hospital,1304415,2026-08-26 12:00:00+00:00,11.1,19.5759666,101.0815166,Air4Thai,Unknown Governmental Organization
225581,Chalermprakiet Hospital,1304415,2026-08-26 13:00:00+00:00,11.4,19.5759666,101.0815166,Air4Thai,Unknown Governmental Organization
225581,Chalermprakiet Hospital,1304415,2026-08-26 14:00:00+00:00,11.5,19.5759666,101.0815166,Air4Thai,Unknown Governmental Organization
225581,Chalermprakiet Hospital,1304415,2026-08-26 15:00:00+00:00,11.8,19.5759666,101.0815166,Air4Thai,Unknown Governmental Organization
225581,Chalermprakiet Hospital,1304415,2026-08-26 16:00:00+00:00,11.5,19.5759666,101.0815166,Air4Thai,Unknown Governmental Organization
225582,"Khlong Toei District Office, Bangkok",1304071,2026-08-26 05:00:00+00:00,13.4,13.708488,100.583747,Air4Thai,Unknown Governmental Organization
225582,"Khlong Toei District Office, Bangkok",1304071,2026-08-26 06:00:00+00:00,13.3,13.708488,100.583747,Air4Thai,Unknown Governmental Organization
225582,"Khlong Toei District Office, Bangkok",1304071,2026-08-26 07:00:00+00:00,13.3,13.708488,100.583747,Air4Thai,Unknown Governmental Organization
225582,"Khlong Toei District Office, Bangkok",1304071,2026-08-26 08:00:00+00:00,13.1,13.708488,100.583747,Air4Thai,Unknown Governmental Organization
225582,"Khlong Toei District Office, Bangkok",1304071,2026-08-26 09:00:00+00:00,12.9,13.708488,100.583747,Air4Thai,Unknown Governmental Organization
225582,"Khlong Toei District Office, Bangkok",1304071,2026-08-26 10:00:00+00:00,12.7,13.708488,100.583747,Air4Thai,Unknown Governmental Organization
225582,"Khlong Toei District Office, Bangkok",1304071,2026-08-26 11:00:00+00:00,12.6,13.708488,100.583747,Air4Thai,Unknown Governmental Organization
225582,"Khlong Toei District Office, Bangkok",1304071,2026-08-26 12:00:00+00:00,12.4,13.708488,100.583747,Air4Thai,Unknown Governmental Organization
225582,"Khlong Toei District Office, Bangkok",1304071,2026-08-26 13:00:00+00:00,12.2,13.708488,100.583747,Air4Thai,Unknown Governmental Organization
225582,"Khlong Toei District Office, Bangkok",1304071,2026-08-26 14:00:00+00:00,12.0,13.708488,100.583747,Air4Thai,Unknown Governmental Organization
225582,"Khlong Toei District Office, Bangkok",1304071,2026-08-26 15:00:00+00:00,11.9,13.708488,100.583747,Air4Thai,Unknown Governmental Organization
225582,"Khlong Toei District Office, Bangkok",1304071,2026-08-26 16:00:00+00:00,12.0,13.708488,100.583747,Air4Thai,Unknown Governmental Organization
225584,Samut Songkhram Health Office,1304161,2026-08-26 05:00:00+00:00,9.4,13.428581,100.02466400000002,Air4Thai,Unknown Governmental Organization
225584,Samut Songkhram Health Office,1304161,2026-08-26 06:00:00+00:00,9.2,13.428581,100.02466400000002,Air4Thai,Unknown Governmental Organization
225584,Samut Songkhram Health Office,1304161,2026-08-26 07:00:00+00:00,8.9,13.428581,100.02466400000002,Air4Thai,Unknown Governmental Organization
225584,Samut Songkhram Health Office,1304161,2026-08-26 08:00:00+00:00,8.7,13.428581,100.02466400000002,Air4Thai,Unknown Governmental Organization
225584,Samut Songkhram Health Office,1304161,2026-08-26 09:00:00+00:00,8.5,13.428581,100.02466400000002,Air4Thai,Unknown Governmental Organization
225584,Samut Songkhram Health Office,1304161,2026-08-26 10:00:00+00:00,8.3,13.428581,100.02466400000002,Air4Thai,Unknown Governmental Organization
225584,Samut Songkhram Health Office,1304161,2026-08-26 11:00:00+00:00,8.0,13.428581,100.02466400000002,Air4Thai,Unknown Governmental Organization
225584,Samut Songkhram Health Office,1304161,2026-08-26 12:00:00+00:00,7.6,13.428581,100.02466400000002,Air4Thai,Unknown Governmental Organization
225584,Samut Songkhram Health Office,1304161,2026-08-26 13:00:00+00:00,7.4,13.428581,100.02466400000002,Air4Thai,Unknown Governmental Organization
225584,Samut Songkhram Health Office,1304161,2026-08-26 14:00:00+00:00,7.1,13.428581,100.02466400000002,Air4Thai,Unknown Governmental Organization
225584,Samut Songkhram Health Office,1304161,2026-08-26 15:00:00+00:00,6.8,13.428581,100.02466400000002,Air4Thai,Unknown Governmental Organization
225584,Samut Songkhram Health Office,1304161,2026-08-26 16:00:00+00:00,6.7,13.428581,100.02466400000002,Air4Thai,Unknown Governmental Organization
225585,Chom Nan Chaloem Phrakiat Public Park,1304133,2026-08-26 05:00:00+00:00,15.0,16.820832999999997,100.258056,Air4Thai,Unknown Governmental Organization
225585,Chom Nan Chaloem Phrakiat Public Park,1304133,2026-08-26 06:00:00+00:00,14.7,16.820832999999997,100.258056,Air4Thai,Unknown Governmental Organization
225585,Chom Nan Chaloem Phrakiat Public Park,1304133,2026-08-26 07:00:00+00:00,14.3,16.820832999999997,100.258056,Air4Thai,Unknown Governmental Organization
225585,Chom Nan Chaloem Phrakiat Public Park,1304133,2026-08-26 08:00:00+00:00,14.2,16.820832999999997,100.258056,Air4Thai,Unknown Governmental Organization
225585,Chom Nan Chaloem Phrakiat Public Park,1304133,2026-08-26 09:00:00+00:00,14.8,16.820832999999997,100.258056,Air4Thai,Unknown Governmental Organization
225585,Chom Nan Chaloem Phrakiat Public Park,1304133,2026-08-26 10:00:00+00:00,15.3,16.820832999999997,100.258056,Air4Thai,Unknown Governmental Organization
225585,Chom Nan Chaloem Phrakiat Public Park,1304133,2026-08-26 11:00:00+00:00,15.0,16.820832999999997,100.258056,Air4Thai,Unknown Governmental Organization
225585,Chom Nan Chaloem Phrakiat Public Park,1304133,2026-08-26 12:00:00+00:00,14.5,16.820832999999997,100.258056,Air4Thai,Unknown Governmental Organization
225585,Chom Nan Chaloem Phrakiat Public Park,1304133,2026-08-26 13:00:00+00:00,13.6,16.820832999999997,100.258056,Air4Thai,Unknown Governmental Organization
225585,Chom Nan Chaloem Phrakiat Public Park,1304133,2026-08-26 14:00:00+00:00,13.4,16.820832999999997,100.258056,Air4Thai,Unknown Governmental Organization
225585,Chom Nan Chaloem Phrakiat Public Park,1304133,2026-08-26 15:00:00+00:00,13.5,16.820832999999997,100.258056,Air4Thai,Unknown Governmental Organization
225585,Chom Nan Chaloem Phrakiat Public Park,1304133,2026-08-26 16:00:00+00:00,13.7,16.820832999999997,100.258056,Air4Thai,Unknown Governmental Organization
225586,Elderly Health Rehabilitation Center,1304337,2026-08-26 05:00:00+00:00,16.1,8.426923,99.96146899999998,Air4Thai,Unknown Governmental Organization
225586,Elderly Health Rehabilitation Center,1304337,2026-08-26 06:00:00+00:00,15.9,8.426923,99.96146899999998,Air4Thai,Unknown Governmental Organization
225586,Elderly Health Rehabilitation Center,1304337,2026-08-26 07:00:00+00:00,15.6,8.426923,99.96146899999998,Air4Thai,Unknown Governmental Organization
225586,Elderly Health Rehabilitation Center,1304337,2026-08-26 08:00:00+00:00,15.2,8.426923,99.96146899999998,Air4Thai,Unknown Governmental Organization
225586,Elderly Health Rehabilitation Center,1304337,2026-08-26 09:00:00+00:00,15.1,8.426923,99.96146899999998,Air4Thai,Unknown Governmental Organization
225586,Elderly Health Rehabilitation Center,1304337,2026-08-26 10:00:00+00:00,14.8,8.426923,99.96146899999998,Air4Thai,Unknown Governmental Organization
225586,Elderly Health Rehabilitation Center,1304337,2026-08-26 15:00:00+00:00,12.9,8.426923,99.96146899999998,Air4Thai,Unknown Governmental Organization
225587,Water reservoir,1304143,2026-08-26 05:00:00+00:00,6.1,13.832076,100.057961,Air4Thai,Unknown Governmental Organization
225587,Water reservoir,1304143,2026-08-26 06:00:00+00:00,6.1,13.832076,100.057961,Air4Thai,Unknown Governmental Organization
225587,Water reservoir,1304143,2026-08-26 07:00:00+00:00,6.1,13.832076,100.057961,Air4Thai,Unknown Governmental Organization
225587,Water reservoir,1304143,2026-08-26 08:00:00+00:00,6.1,13.832076,100.057961,Air4Thai,Unknown Governmental Organization
225587,Water reservoir,1304143,2026-08-26 09:00:00+00:00,6.1,13.832076,100.057961,Air4Thai,Unknown Governmental Organization
225587,Water reservoir,1304143,2026-08-26 10:00:00+00:00,6.0,13.832076,100.057961,Air4Thai,Unknown Governmental Organization
225587,Water reservoir,1304143,2026-08-26 11:00:00+00:00,5.9,13.832076,100.057961,Air4Thai,Unknown Governmental Organization
225587,Water reservoir,1304143,2026-08-26 12:00:00+00:00,5.8,13.832076,100.057961,Air4Thai,Unknown Governmental Organization
225587,Water reservoir,1304143,2026-08-26 13:00:00+00:00,5.8,13.832076,100.057961,Air4Thai,Unknown Governmental Organization
225587,Water reservoir,1304143,2026-08-26 14:00:00+00:00,5.8,13.832076,100.057961,Air4Thai,Unknown Governmental Organization
225587,Water reservoir,1304143,2026-08-26 15:00:00+00:00,5.8,13.832076,100.057961,Air4Thai,Unknown Governmental Organization
225587,Water reservoir,1304143,2026-08-26 16:00:00+00:00,5.8,13.832076,100.057961,Air4Thai,Unknown Governmental Organization
225589,Kanjanapisek Park,1304352,2026-08-26 05:00:00+00:00,8.1,13.691047,102.510442,Air4Thai,Unknown Governmental Organization
225589,Kanjanapisek Park,1304352,2026-08-26 06:00:00+00:00,7.9,13.691047,102.510442,Air4Thai,Unknown Governmental Organization
225589,Kanjanapisek Park,1304352,2026-08-26 07:00:00+00:00,7.9,13.691047,102.510442,Air4Thai,Unknown Governmental Organization
225589,Kanjanapisek Park,1304352,2026-08-26 08:00:00+00:00,7.8,13.691047,102.510442,Air4Thai,Unknown Governmental Organization
225589,Kanjanapisek Park,1304352,2026-08-26 09:00:00+00:00,7.7,13.691047,102.510442,Air4Thai,Unknown Governmental Organization
225589,Kanjanapisek Park,1304352,2026-08-26 10:00:00+00:00,7.6,13.691047,102.510442,Air4Thai,Unknown Governmental Organization
225589,Kanjanapisek Park,1304352,2026-08-26 11:00:00+00:00,7.6,13.691047,102.510442,Air4Thai,Unknown Governmental Organization
225589,Kanjanapisek Park,1304352,2026-08-26 12:00:00+00:00,7.5,13.691047,102.510442,Air4Thai,Unknown Governmental Organization
225589,Kanjanapisek Park,1304352,2026-08-26 13:00:00+00:00,7.4,13.691047,102.510442,Air4Thai,Unknown Governmental Organization
225589,Kanjanapisek Park,1304352,2026-08-26 14:00:00+00:00,7.3,13.691047,102.510442,Air4Thai,Unknown Governmental Organization
225589,Kanjanapisek Park,1304352,2026-08-26 15:00:00+00:00,7.4,13.691047,102.510442,Air4Thai,Unknown Governmental Organization
225589,Kanjanapisek Park,1304352,2026-08-26 16:00:00+00:00,7.4,13.691047,102.510442,Air4Thai,Unknown Governmental Organization
225590,"Sai Mai District Office, Bangkok",1304153,2026-08-26 05:00:00+00:00,10.1,13.896035,100.660628,Air4Thai,Unknown Governmental Organization
225590,"Sai Mai District Office, Bangkok",1304153,2026-08-26 06:00:00+00:00,10.0,13.896035,100.660628,Air4Thai,Unknown Governmental Organization
225590,"Sai Mai District Office, Bangkok",1304153,2026-08-26 07:00:00+00:00,9.7,13.896035,100.660628,Air4Thai,Unknown Governmental Organization
225590,"Sai Mai District Office, Bangkok",1304153,2026-08-26 08:00:00+00:00,9.5,13.896035,100.660628,Air4Thai,Unknown Governmental Organization
225590,"Sai Mai District Office, Bangkok",1304153,2026-08-26 09:00:00+00:00,9.9,13.896035,100.660628,Air4Thai,Unknown Governmental Organization
225590,"Sai Mai District Office, Bangkok",1304153,2026-08-26 10:00:00+00:00,9.7,13.896035,100.660628,Air4Thai,Unknown Governmental Organization
225590,"Sai Mai District Office, Bangkok",1304153,2026-08-26 11:00:00+00:00,9.5,13.896035,100.660628,Air4Thai,Unknown Governmental Organization
225590,"Sai Mai District Office, Bangkok",1304153,2026-08-26 12:00:00+00:00,9.5,13.896035,100.660628,Air4Thai,Unknown Governmental Organization
225590,"Sai Mai District Office, Bangkok",1304153,2026-08-26 13:00:00+00:00,9.4,13.896035,100.660628,Air4Thai,Unknown Governmental Organization
225590,"Sai Mai District Office, Bangkok",1304153,2026-08-26 14:00:00+00:00,9.2,13.896035,100.660628,Air4Thai,Unknown Governmental Organization
225590,"Sai Mai District Office, Bangkok",1304153,2026-08-26 15:00:00+00:00,9.0,13.896035,100.660628,Air4Thai,Unknown Governmental Organization
225590,"Sai Mai District Office, Bangkok",1304153,2026-08-26 16:00:00+00:00,8.8,13.896035,100.660628,Air4Thai,Unknown Governmental Organization
225591,"Ladphrao District Office, Bangkok",1304377,2026-08-26 05:00:00+00:00,10.1,13.803587,100.607535,Air4Thai,Unknown Governmental Organization
225591,"Ladphrao District Office, Bangkok",1304377,2026-08-26 06:00:00+00:00,9.8,13.803587,100.607535,Air4Thai,Unknown Governmental Organization
225591,"Ladphrao District Office, Bangkok",1304377,2026-08-26 07:00:00+00:00,9.7,13.803587,100.607535,Air4Thai,Unknown Governmental Organization
225591,"Ladphrao District Office, Bangkok",1304377,2026-08-26 08:00:00+00:00,10.1,13.803587,100.607535,Air4Thai,Unknown Governmental Organization
225591,"Ladphrao District Office, Bangkok",1304377,2026-08-26 09:00:00+00:00,9.5,13.803587,100.607535,Air4Thai,Unknown Governmental Organization
225591,"Ladphrao District Office, Bangkok",1304377,2026-08-26 10:00:00+00:00,9.0,13.803587,100.607535,Air4Thai,Unknown Governmental Organization
225591,"Ladphrao District Office, Bangkok",1304377,2026-08-26 11:00:00+00:00,8.8,13.803587,100.607535,Air4Thai,Unknown Governmental Organization
225591,"Ladphrao District Office, Bangkok",1304377,2026-08-26 12:00:00+00:00,8.8,13.803587,100.607535,Air4Thai,Unknown Governmental Organization
225591,"Ladphrao District Office, Bangkok",1304377,2026-08-26 13:00:00+00:00,8.8,13.803587,100.607535,Air4Thai,Unknown Governmental Organization
225591,"Ladphrao District Office, Bangkok",1304377,2026-08-26 14:00:00+00:00,8.9,13.803587,100.607535,Air4Thai,Unknown Governmental Organization
225591,"Ladphrao District Office, Bangkok",1304377,2026-08-26 15:00:00+00:00,8.9,13.803587,100.607535,Air4Thai,Unknown Governmental Organization
225591,"Ladphrao District Office, Bangkok",1304377,2026-08-26 16:00:00+00:00,8.8,13.803587,100.607535,Air4Thai,Unknown Governmental Organization
225593,Big C Supercenter Bang Na,1304057,2026-08-26 05:00:00+00:00,25.4,13.667987,100.635313,Air4Thai,Unknown Governmental Organization
225593,Big C Supercenter Bang Na,1304057,2026-08-26 06:00:00+00:00,25.2,13.667987,100.635313,Air4Thai,Unknown Governmental Organization
225593,Big C Supercenter Bang Na,1304057,2026-08-26 07:00:00+00:00,25.0,13.667987,100.635313,Air4Thai,Unknown Governmental Organization
225593,Big C Supercenter Bang Na,1304057,2026-08-26 08:00:00+00:00,24.3,13.667987,100.635313,Air4Thai,Unknown Governmental Organization
225593,Big C Supercenter Bang Na,1304057,2026-08-26 09:00:00+00:00,26.9,13.667987,100.635313,Air4Thai,Unknown Governmental Organization
225593,Big C Supercenter Bang Na,1304057,2026-08-26 10:00:00+00:00,22.7,13.667987,100.635313,Air4Thai,Unknown Governmental Organization
225593,Big C Supercenter Bang Na,1304057,2026-08-26 11:00:00+00:00,22.6,13.667987,100.635313,Air4Thai,Unknown Governmental Organization
225593,Big C Supercenter Bang Na,1304057,2026-08-26 12:00:00+00:00,22.1,13.667987,100.635313,Air4Thai,Unknown Governmental Organization
225593,Big C Supercenter Bang Na,1304057,2026-08-26 13:00:00+00:00,22.3,13.667987,100.635313,Air4Thai,Unknown Governmental Organization
225593,Big C Supercenter Bang Na,1304057,2026-08-26 14:00:00+00:00,22.3,13.667987,100.635313,Air4Thai,Unknown Governmental Organization
225593,Big C Supercenter Bang Na,1304057,2026-08-26 15:00:00+00:00,22.3,13.667987,100.635313,Air4Thai,Unknown Governmental Organization
225593,Big C Supercenter Bang Na,1304057,2026-08-26 16:00:00+00:00,21.9,13.667987,100.635313,Air4Thai,Unknown Governmental Organization
225595,Bang Bon 5 Market,1304064,2026-08-26 05:00:00+00:00,13.1,13.639165,100.372958,Air4Thai,Unknown Governmental Organization
225595,Bang Bon 5 Market,1304064,2026-08-26 06:00:00+00:00,13.1,13.639165,100.372958,Air4Thai,Unknown Governmental Organization
225595,Bang Bon 5 Market,1304064,2026-08-26 07:00:00+00:00,12.9,13.639165,100.372958,Air4Thai,Unknown Governmental Organization
225595,Bang Bon 5 Market,1304064,2026-08-26 08:00:00+00:00,12.6,13.639165,100.372958,Air4Thai,Unknown Governmental Organization
225595,Bang Bon 5 Market,1304064,2026-08-26 09:00:00+00:00,12.6,13.639165,100.372958,Air4Thai,Unknown Governmental Organization
225595,Bang Bon 5 Market,1304064,2026-08-26 10:00:00+00:00,12.9,13.639165,100.372958,Air4Thai,Unknown Governmental Organization
225595,Bang Bon 5 Market,1304064,2026-08-26 11:00:00+00:00,12.4,13.639165,100.372958,Air4Thai,Unknown Governmental Organization
225595,Bang Bon 5 Market,1304064,2026-08-26 12:00:00+00:00,12.4,13.639165,100.372958,Air4Thai,Unknown Governmental Organization
225595,Bang Bon 5 Market,1304064,2026-08-26 13:00:00+00:00,12.5,13.639165,100.372958,Air4Thai,Unknown Governmental Organization
225595,Bang Bon 5 Market,1304064,2026-08-26 14:00:00+00:00,12.4,13.639165,100.372958,Air4Thai,Unknown Governmental Organization
225595,Bang Bon 5 Market,1304064,2026-08-26 15:00:00+00:00,12.5,13.639165,100.372958,Air4Thai,Unknown Governmental Organization
225595,Bang Bon 5 Market,1304064,2026-08-26 16:00:00+00:00,12.6,13.639165,100.372958,Air4Thai,Unknown Governmental Organization
225596,"Sathon District Office, Bangkok",1304091,2026-08-26 05:00:00+00:00,15.6,13.707763,100.526787,Air4Thai,Unknown Governmental Organization
225596,"Sathon District Office, Bangkok",1304091,2026-08-26 06:00:00+00:00,15.1,13.707763,100.526787,Air4Thai,Unknown Governmental Organization
225596,"Sathon District Office, Bangkok",1304091,2026-08-26 07:00:00+00:00,15.1,13.707763,100.526787,Air4Thai,Unknown Governmental Organization
225596,"Sathon District Office, Bangkok",1304091,2026-08-26 08:00:00+00:00,14.6,13.707763,100.526787,Air4Thai,Unknown Governmental Organization
225596,"Sathon District Office, Bangkok",1304091,2026-08-26 09:00:00+00:00,14.4,13.707763,100.526787,Air4Thai,Unknown Governmental Organization
225596,"Sathon District Office, Bangkok",1304091,2026-08-26 10:00:00+00:00,14.1,13.707763,100.526787,Air4Thai,Unknown Governmental Organization
225596,"Sathon District Office, Bangkok",1304091,2026-08-26 11:00:00+00:00,13.9,13.707763,100.526787,Air4Thai,Unknown Governmental Organization
225596,"Sathon District Office, Bangkok",1304091,2026-08-26 12:00:00+00:00,13.7,13.707763,100.526787,Air4Thai,Unknown Governmental Organization
225596,"Sathon District Office, Bangkok",1304091,2026-08-26 13:00:00+00:00,13.7,13.707763,100.526787,Air4Thai,Unknown Governmental Organization
225596,"Sathon District Office, Bangkok",1304091,2026-08-26 14:00:00+00:00,13.4,13.707763,100.526787,Air4Thai,Unknown Governmental Organization
225596,"Sathon District Office, Bangkok",1304091,2026-08-26 15:00:00+00:00,13.2,13.707763,100.526787,Air4Thai,Unknown Governmental Organization
225596,"Sathon District Office, Bangkok",1304091,2026-08-26 16:00:00+00:00,13.2,13.707763,100.526787,Air4Thai,Unknown Governmental Organization
225598,Bu Yai Bai Hall Station,1304370,2026-08-26 05:00:00+00:00,18.3,13.917563,101.590529,Air4Thai,Unknown Governmental Organization
225598,Bu Yai Bai Hall Station,1304370,2026-08-26 06:00:00+00:00,17.8,13.917563,101.590529,Air4Thai,Unknown Governmental Organization
225598,Bu Yai Bai Hall Station,1304370,2026-08-26 07:00:00+00:00,17.4,13.917563,101.590529,Air4Thai,Unknown Governmental Organization
225598,Bu Yai Bai Hall Station,1304370,2026-08-26 08:00:00+00:00,17.3,13.917563,101.590529,Air4Thai,Unknown Governmental Organization
225598,Bu Yai Bai Hall Station,1304370,2026-08-26 09:00:00+00:00,16.9,13.917563,101.590529,Air4Thai,Unknown Governmental Organization
225598,Bu Yai Bai Hall Station,1304370,2026-08-26 10:00:00+00:00,16.4,13.917563,101.590529,Air4Thai,Unknown Governmental Organization
225598,Bu Yai Bai Hall Station,1304370,2026-08-26 11:00:00+00:00,16.2,13.917563,101.590529,Air4Thai,Unknown Governmental Organization
225598,Bu Yai Bai Hall Station,1304370,2026-08-26 12:00:00+00:00,16.3,13.917563,101.590529,Air4Thai,Unknown Governmental Organization
225598,Bu Yai Bai Hall Station,1304370,2026-08-26 13:00:00+00:00,16.4,13.917563,101.590529,Air4Thai,Unknown Governmental Organization
225598,Bu Yai Bai Hall Station,1304370,2026-08-26 14:00:00+00:00,16.1,13.917563,101.590529,Air4Thai,Unknown Governmental Organization
225598,Bu Yai Bai Hall Station,1304370,2026-08-26 15:00:00+00:00,15.9,13.917563,101.590529,Air4Thai,Unknown Governmental Organization
225598,Bu Yai Bai Hall Station,1304370,2026-08-26 16:00:00+00:00,15.8,13.917563,101.590529,Air4Thai,Unknown Governmental Organization
225599,Bangrak Lovely Plaza,1304306,2026-08-26 05:00:00+00:00,17.2,13.726136,100.528055,Air4Thai,Unknown Governmental Organization
225599,Bangrak Lovely Plaza,1304306,2026-08-26 06:00:00+00:00,17.1,13.726136,100.528055,Air4Thai,Unknown Governmental Organization
225599,Bangrak Lovely Plaza,1304306,2026-08-26 07:00:00+00:00,16.8,13.726136,100.528055,Air4Thai,Unknown Governmental Organization
225599,Bangrak Lovely Plaza,1304306,2026-08-26 08:00:00+00:00,16.6,13.726136,100.528055,Air4Thai,Unknown Governmental Organization
225599,Bangrak Lovely Plaza,1304306,2026-08-26 09:00:00+00:00,16.3,13.726136,100.528055,Air4Thai,Unknown Governmental Organization
225599,Bangrak Lovely Plaza,1304306,2026-08-26 10:00:00+00:00,16.2,13.726136,100.528055,Air4Thai,Unknown Governmental Organization
225599,Bangrak Lovely Plaza,1304306,2026-08-26 11:00:00+00:00,15.8,13.726136,100.528055,Air4Thai,Unknown Governmental Organization
225599,Bangrak Lovely Plaza,1304306,2026-08-26 12:00:00+00:00,15.5,13.726136,100.528055,Air4Thai,Unknown Governmental Organization
225599,Bangrak Lovely Plaza,1304306,2026-08-26 13:00:00+00:00,15.2,13.726136,100.528055,Air4Thai,Unknown Governmental Organization
225599,Bangrak Lovely Plaza,1304306,2026-08-26 14:00:00+00:00,15.3,13.726136,100.528055,Air4Thai,Unknown Governmental Organization
225599,Bangrak Lovely Plaza,1304306,2026-08-26 15:00:00+00:00,15.2,13.726136,100.528055,Air4Thai,Unknown Governmental Organization
225599,Bangrak Lovely Plaza,1304306,2026-08-26 16:00:00+00:00,15.0,13.726136,100.528055,Air4Thai,Unknown Governmental Organization
225600,Trat Provincial Central Stadium,1304282,2026-08-26 05:00:00+00:00,14.4,12.234862,102.52372100000001,Air4Thai,Unknown Governmental Organization
225600,Trat Provincial Central Stadium,1304282,2026-08-26 06:00:00+00:00,14.7,12.234862,102.52372100000001,Air4Thai,Unknown Governmental Organization
225600,Trat Provincial Central Stadium,1304282,2026-08-26 07:00:00+00:00,14.8,12.234862,102.52372100000001,Air4Thai,Unknown Governmental Organization
225600,Trat Provincial Central Stadium,1304282,2026-08-26 08:00:00+00:00,15.0,12.234862,102.52372100000001,Air4Thai,Unknown Governmental Organization
225600,Trat Provincial Central Stadium,1304282,2026-08-26 09:00:00+00:00,15.0,12.234862,102.52372100000001,Air4Thai,Unknown Governmental Organization
225600,Trat Provincial Central Stadium,1304282,2026-08-26 10:00:00+00:00,14.8,12.234862,102.52372100000001,Air4Thai,Unknown Governmental Organization
225600,Trat Provincial Central Stadium,1304282,2026-08-26 11:00:00+00:00,14.2,12.234862,102.52372100000001,Air4Thai,Unknown Governmental Organization
225600,Trat Provincial Central Stadium,1304282,2026-08-26 12:00:00+00:00,14.0,12.234862,102.52372100000001,Air4Thai,Unknown Governmental Organization
225600,Trat Provincial Central Stadium,1304282,2026-08-26 13:00:00+00:00,13.8,12.234862,102.52372100000001,Air4Thai,Unknown Governmental Organization
225600,Trat Provincial Central Stadium,1304282,2026-08-26 14:00:00+00:00,13.7,12.234862,102.52372100000001,Air4Thai,Unknown Governmental Organization
225600,Trat Provincial Central Stadium,1304282,2026-08-26 15:00:00+00:00,13.7,12.234862,102.52372100000001,Air4Thai,Unknown Governmental Organization
225600,Trat Provincial Central Stadium,1304282,2026-08-26 16:00:00+00:00,13.6,12.234862,102.52372100000001,Air4Thai,Unknown Governmental Organization
225602,Municipal Waste Water Pumping Station,1304112,2026-08-26 05:00:00+00:00,16.6,14.979536999999999,102.098335,Air4Thai,Unknown Governmental Organization
225602,Municipal Waste Water Pumping Station,1304112,2026-08-26 06:00:00+00:00,16.3,14.979536999999999,102.098335,Air4Thai,Unknown Governmental Organization
225602,Municipal Waste Water Pumping Station,1304112,2026-08-26 07:00:00+00:00,16.1,14.979536999999999,102.098335,Air4Thai,Unknown Governmental Organization
225602,Municipal Waste Water Pumping Station,1304112,2026-08-26 08:00:00+00:00,15.7,14.979536999999999,102.098335,Air4Thai,Unknown Governmental Organization
225602,Municipal Waste Water Pumping Station,1304112,2026-08-26 09:00:00+00:00,15.5,14.979536999999999,102.098335,Air4Thai,Unknown Governmental Organization
225602,Municipal Waste Water Pumping Station,1304112,2026-08-26 10:00:00+00:00,15.2,14.979536999999999,102.098335,Air4Thai,Unknown Governmental Organization
225602,Municipal Waste Water Pumping Station,1304112,2026-08-26 11:00:00+00:00,15.0,14.979536999999999,102.098335,Air4Thai,Unknown Governmental Organization
225602,Municipal Waste Water Pumping Station,1304112,2026-08-26 12:00:00+00:00,14.8,14.979536999999999,102.098335,Air4Thai,Unknown Governmental Organization
225602,Municipal Waste Water Pumping Station,1304112,2026-08-26 13:00:00+00:00,14.6,14.979536999999999,102.098335,Air4Thai,Unknown Governmental Organization
225602,Municipal Waste Water Pumping Station,1304112,2026-08-26 14:00:00+00:00,14.4,14.979536999999999,102.098335,Air4Thai,Unknown Governmental Organization
225602,Municipal Waste Water Pumping Station,1304112,2026-08-26 15:00:00+00:00,14.4,14.979536999999999,102.098335,Air4Thai,Unknown Governmental Organization
225602,Municipal Waste Water Pumping Station,1304112,2026-08-26 16:00:00+00:00,14.6,14.979536999999999,102.098335,Air4Thai,Unknown Governmental Organization
225604,Seacon Square,1304378,2026-08-26 05:00:00+00:00,18.8,13.695561,100.647615,Air4Thai,Unknown Governmental Organization
225604,Seacon Square,1304378,2026-08-26 06:00:00+00:00,19.4,13.695561,100.647615,Air4Thai,Unknown Governmental Organization
225604,Seacon Square,1304378,2026-08-26 07:00:00+00:00,18.9,13.695561,100.647615,Air4Thai,Unknown Governmental Organization
225604,Seacon Square,1304378,2026-08-26 08:00:00+00:00,18.2,13.695561,100.647615,Air4Thai,Unknown Governmental Organization
225604,Seacon Square,1304378,2026-08-26 09:00:00+00:00,18.4,13.695561,100.647615,Air4Thai,Unknown Governmental Organization
225604,Seacon Square,1304378,2026-08-26 10:00:00+00:00,18.2,13.695561,100.647615,Air4Thai,Unknown Governmental Organization
225604,Seacon Square,1304378,2026-08-26 11:00:00+00:00,17.5,13.695561,100.647615,Air4Thai,Unknown Governmental Organization
225604,Seacon Square,1304378,2026-08-26 12:00:00+00:00,17.0,13.695561,100.647615,Air4Thai,Unknown Governmental Organization
225604,Seacon Square,1304378,2026-08-26 13:00:00+00:00,16.9,13.695561,100.647615,Air4Thai,Unknown Governmental Organization
225604,Seacon Square,1304378,2026-08-26 14:00:00+00:00,16.5,13.695561,100.647615,Air4Thai,Unknown Governmental Organization
225604,Seacon Square,1304378,2026-08-26 15:00:00+00:00,16.3,13.695561,100.647615,Air4Thai,Unknown Governmental Organization
225604,Seacon Square,1304378,2026-08-26 16:00:00+00:00,16.1,13.695561,100.647615,Air4Thai,Unknown Governmental Organization
225605,Municipal Health Center,1304302,2026-08-26 05:00:00+00:00,16.4,7.884488,98.391283,Air4Thai,Unknown Governmental Organization
225605,Municipal Health Center,1304302,2026-08-26 06:00:00+00:00,16.1,7.884488,98.391283,Air4Thai,Unknown Governmental Organization
225605,Municipal Health Center,1304302,2026-08-26 07:00:00+00:00,15.7,7.884488,98.391283,Air4Thai,Unknown Governmental Organization
225605,Municipal Health Center,1304302,2026-08-26 08:00:00+00:00,15.5,7.884488,98.391283,Air4Thai,Unknown Governmental Organization
225605,Municipal Health Center,1304302,2026-08-26 09:00:00+00:00,15.3,7.884488,98.391283,Air4Thai,Unknown Governmental Organization
225605,Municipal Health Center,1304302,2026-08-26 10:00:00+00:00,15.0,7.884488,98.391283,Air4Thai,Unknown Governmental Organization
225605,Municipal Health Center,1304302,2026-08-26 15:00:00+00:00,14.0,7.884488,98.391283,Air4Thai,Unknown Governmental Organization
225606,Kanchanaburi Meteorological Station,1304310,2026-08-26 05:00:00+00:00,14.1,14.022376,99.536195,Air4Thai,Unknown Governmental Organization
225606,Kanchanaburi Meteorological Station,1304310,2026-08-26 06:00:00+00:00,13.9,14.022376,99.536195,Air4Thai,Unknown Governmental Organization
225606,Kanchanaburi Meteorological Station,1304310,2026-08-26 07:00:00+00:00,13.4,14.022376,99.536195,Air4Thai,Unknown Governmental Organization
225606,Kanchanaburi Meteorological Station,1304310,2026-08-26 08:00:00+00:00,12.8,14.022376,99.536195,Air4Thai,Unknown Governmental Organization
225606,Kanchanaburi Meteorological Station,1304310,2026-08-26 09:00:00+00:00,12.5,14.022376,99.536195,Air4Thai,Unknown Governmental Organization
225606,Kanchanaburi Meteorological Station,1304310,2026-08-26 10:00:00+00:00,12.3,14.022376,99.536195,Air4Thai,Unknown Governmental Organization
225606,Kanchanaburi Meteorological Station,1304310,2026-08-26 11:00:00+00:00,12.4,14.022376,99.536195,Air4Thai,Unknown Governmental Organization
225606,Kanchanaburi Meteorological Station,1304310,2026-08-26 12:00:00+00:00,12.5,14.022376,99.536195,Air4Thai,Unknown Governmental Organization
225606,Kanchanaburi Meteorological Station,1304310,2026-08-26 13:00:00+00:00,12.7,14.022376,99.536195,Air4Thai,Unknown Governmental Organization
225606,Kanchanaburi Meteorological Station,1304310,2026-08-26 14:00:00+00:00,12.7,14.022376,99.536195,Air4Thai,Unknown Governmental Organization
225606,Kanchanaburi Meteorological Station,1304310,2026-08-26 15:00:00+00:00,12.4,14.022376,99.536195,Air4Thai,Unknown Governmental Organization
225606,Kanchanaburi Meteorological Station,1304310,2026-08-26 16:00:00+00:00,12.2,14.022376,99.536195,Air4Thai,Unknown Governmental Organization
225607,"Environment Agency Section 14, Surat Thani",1304355,2026-08-26 05:00:00+00:00,16.2,9.126017,99.325145,Air4Thai,Unknown Governmental Organization
225607,"Environment Agency Section 14, Surat Thani",1304355,2026-08-26 06:00:00+00:00,16.0,9.126017,99.325145,Air4Thai,Unknown Governmental Organization
225607,"Environment Agency Section 14, Surat Thani",1304355,2026-08-26 07:00:00+00:00,15.7,9.126017,99.325145,Air4Thai,Unknown Governmental Organization
225607,"Environment Agency Section 14, Surat Thani",1304355,2026-08-26 08:00:00+00:00,15.4,9.126017,99.325145,Air4Thai,Unknown Governmental Organization
225607,"Environment Agency Section 14, Surat Thani",1304355,2026-08-26 09:00:00+00:00,15.2,9.126017,99.325145,Air4Thai,Unknown Governmental Organization
225607,"Environment Agency Section 14, Surat Thani",1304355,2026-08-26 10:00:00+00:00,14.9,9.126017,99.325145,Air4Thai,Unknown Governmental Organization
225607,"Environment Agency Section 14, Surat Thani",1304355,2026-08-26 15:00:00+00:00,14.0,9.126017,99.325145,Air4Thai,Unknown Governmental Organization
225609,Nakhonsawan Irrigation Project,1304122,2026-08-26 05:00:00+00:00,10.6,15.68623,100.110556,Air4Thai,Unknown Governmental Organization
225609,Nakhonsawan Irrigation Project,1304122,2026-08-26 07:00:00+00:00,10.4,15.68623,100.110556,Air4Thai,Unknown Governmental Organization
225609,Nakhonsawan Irrigation Project,1304122,2026-08-26 08:00:00+00:00,10.3,15.68623,100.110556,Air4Thai,Unknown Governmental Organization
225609,Nakhonsawan Irrigation Project,1304122,2026-08-26 09:00:00+00:00,10.3,15.68623,100.110556,Air4Thai,Unknown Governmental Organization
225609,Nakhonsawan Irrigation Project,1304122,2026-08-26 10:00:00+00:00,10.2,15.68623,100.110556,Air4Thai,Unknown Governmental Organization
225609,Nakhonsawan Irrigation Project,1304122,2026-08-26 15:00:00+00:00,10.0,15.68623,100.110556,Air4Thai,Unknown Governmental Organization
225610,"Bueng Kum District Office, Bangkok",1304211,2026-08-26 05:00:00+00:00,6.4,13.785212,100.669183,Air4Thai,Unknown Governmental Organization
225610,"Bueng Kum District Office, Bangkok",1304211,2026-08-26 06:00:00+00:00,6.2,13.785212,100.669183,Air4Thai,Unknown Governmental Organization
225610,"Bueng Kum District Office, Bangkok",1304211,2026-08-26 07:00:00+00:00,6.0,13.785212,100.669183,Air4Thai,Unknown Governmental Organization
225610,"Bueng Kum District Office, Bangkok",1304211,2026-08-26 08:00:00+00:00,5.9,13.785212,100.669183,Air4Thai,Unknown Governmental Organization
225610,"Bueng Kum District Office, Bangkok",1304211,2026-08-26 09:00:00+00:00,5.7,13.785212,100.669183,Air4Thai,Unknown Governmental Organization
225610,"Bueng Kum District Office, Bangkok",1304211,2026-08-26 10:00:00+00:00,5.7,13.785212,100.669183,Air4Thai,Unknown Governmental Organization
225610,"Bueng Kum District Office, Bangkok",1304211,2026-08-26 11:00:00+00:00,5.6,13.785212,100.669183,Air4Thai,Unknown Governmental Organization
225610,"Bueng Kum District Office, Bangkok",1304211,2026-08-26 12:00:00+00:00,5.5,13.785212,100.669183,Air4Thai,Unknown Governmental Organization
225610,"Bueng Kum District Office, Bangkok",1304211,2026-08-26 13:00:00+00:00,5.3,13.785212,100.669183,Air4Thai,Unknown Governmental Organization
225610,"Bueng Kum District Office, Bangkok",1304211,2026-08-26 14:00:00+00:00,5.3,13.785212,100.669183,Air4Thai,Unknown Governmental Organization
225610,"Bueng Kum District Office, Bangkok",1304211,2026-08-26 15:00:00+00:00,5.2,13.785212,100.669183,Air4Thai,Unknown Governmental Organization
225610,"Bueng Kum District Office, Bangkok",1304211,2026-08-26 16:00:00+00:00,5.0,13.785212,100.669183,Air4Thai,Unknown Governmental Organization
225611,Health Promotion Hospital Maptaput,1305053,2026-08-26 05:00:00+00:00,15.7,12.70865,101.1659833,Air4Thai,Unknown Governmental Organization
225611,Health Promotion Hospital Maptaput,1305053,2026-08-26 06:00:00+00:00,15.7,12.70865,101.1659833,Air4Thai,Unknown Governmental Organization
225611,Health Promotion Hospital Maptaput,1305053,2026-08-26 07:00:00+00:00,16.4,12.70865,101.1659833,Air4Thai,Unknown Governmental Organization
225611,Health Promotion Hospital Maptaput,1305053,2026-08-26 08:00:00+00:00,17.2,12.70865,101.1659833,Air4Thai,Unknown Governmental Organization
225611,Health Promotion Hospital Maptaput,1305053,2026-08-26 09:00:00+00:00,17.4,12.70865,101.1659833,Air4Thai,Unknown Governmental Organization
225611,Health Promotion Hospital Maptaput,1305053,2026-08-26 10:00:00+00:00,17.5,12.70865,101.1659833,Air4Thai,Unknown Governmental Organization
225611,Health Promotion Hospital Maptaput,1305053,2026-08-26 11:00:00+00:00,17.5,12.70865,101.1659833,Air4Thai,Unknown Governmental Organization
225611,Health Promotion Hospital Maptaput,1305053,2026-08-26 12:00:00+00:00,17.4,12.70865,101.1659833,Air4Thai,Unknown Governmental Organization
225611,Health Promotion Hospital Maptaput,1305053,2026-08-26 13:00:00+00:00,17.3,12.70865,101.1659833,Air4Thai,Unknown Governmental Organization
225611,Health Promotion Hospital Maptaput,1305053,2026-08-26 14:00:00+00:00,17.0,12.70865,101.1659833,Air4Thai,Unknown Governmental Organization
225611,Health Promotion Hospital Maptaput,1305053,2026-08-26 15:00:00+00:00,16.8,12.70865,101.1659833,Air4Thai,Unknown Governmental Organization
225611,Health Promotion Hospital Maptaput,1305053,2026-08-26 16:00:00+00:00,16.6,12.70865,101.1659833,Air4Thai,Unknown Governmental Organization
225612,Bansomdejchaopraya Rajabhat University,1304328,2026-08-26 05:00:00+00:00,10.2,13.732846,100.487662,Air4Thai,Unknown Governmental Organization
225612,Bansomdejchaopraya Rajabhat University,1304328,2026-08-26 06:00:00+00:00,10.0,13.732846,100.487662,Air4Thai,Unknown Governmental Organization
225612,Bansomdejchaopraya Rajabhat University,1304328,2026-08-26 07:00:00+00:00,9.9,13.732846,100.487662,Air4Thai,Unknown Governmental Organization
225612,Bansomdejchaopraya Rajabhat University,1304328,2026-08-26 08:00:00+00:00,10.0,13.732846,100.487662,Air4Thai,Unknown Governmental Organization
225612,Bansomdejchaopraya Rajabhat University,1304328,2026-08-26 09:00:00+00:00,9.8,13.732846,100.487662,Air4Thai,Unknown Governmental Organization
225612,Bansomdejchaopraya Rajabhat University,1304328,2026-08-26 10:00:00+00:00,9.6,13.732846,100.487662,Air4Thai,Unknown Governmental Organization
225612,Bansomdejchaopraya Rajabhat University,1304328,2026-08-26 11:00:00+00:00,9.4,13.732846,100.487662,Air4Thai,Unknown Governmental Organization
225612,Bansomdejchaopraya Rajabhat University,1304328,2026-08-26 12:00:00+00:00,9.4,13.732846,100.487662,Air4Thai,Unknown Governmental Organization
225612,Bansomdejchaopraya Rajabhat University,1304328,2026-08-26 13:00:00+00:00,9.3,13.732846,100.487662,Air4Thai,Unknown Governmental Organization
225612,Bansomdejchaopraya Rajabhat University,1304328,2026-08-26 14:00:00+00:00,9.1,13.732846,100.487662,Air4Thai,Unknown Governmental Organization
225612,Bansomdejchaopraya Rajabhat University,1304328,2026-08-26 15:00:00+00:00,9.1,13.732846,100.487662,Air4Thai,Unknown Governmental Organization
225612,Bansomdejchaopraya Rajabhat University,1304328,2026-08-26 16:00:00+00:00,9.2,13.732846,100.487662,Air4Thai,Unknown Governmental Organization
225613,Lat Krabang Hospital,1304281,2026-08-26 05:00:00+00:00,21.0,13.72205,100.784069,Air4Thai,Unknown Governmental Organization
225613,Lat Krabang Hospital,1304281,2026-08-26 06:00:00+00:00,21.0,13.72205,100.784069,Air4Thai,Unknown Governmental Organization
225613,Lat Krabang Hospital,1304281,2026-08-26 07:00:00+00:00,20.8,13.72205,100.784069,Air4Thai,Unknown Governmental Organization
225613,Lat Krabang Hospital,1304281,2026-08-26 08:00:00+00:00,20.3,13.72205,100.784069,Air4Thai,Unknown Governmental Organization
225613,Lat Krabang Hospital,1304281,2026-08-26 09:00:00+00:00,19.8,13.72205,100.784069,Air4Thai,Unknown Governmental Organization
225613,Lat Krabang Hospital,1304281,2026-08-26 10:00:00+00:00,19.5,13.72205,100.784069,Air4Thai,Unknown Governmental Organization
225613,Lat Krabang Hospital,1304281,2026-08-26 11:00:00+00:00,19.0,13.72205,100.784069,Air4Thai,Unknown Governmental Organization
225613,Lat Krabang Hospital,1304281,2026-08-26 12:00:00+00:00,18.6,13.72205,100.784069,Air4Thai,Unknown Governmental Organization
225613,Lat Krabang Hospital,1304281,2026-08-26 13:00:00+00:00,17.9,13.72205,100.784069,Air4Thai,Unknown Governmental Organization
225613,Lat Krabang Hospital,1304281,2026-08-26 14:00:00+00:00,17.6,13.72205,100.784069,Air4Thai,Unknown Governmental Organization
225613,Lat Krabang Hospital,1304281,2026-08-26 15:00:00+00:00,17.1,13.72205,100.784069,Air4Thai,Unknown Governmental Organization
225613,Lat Krabang Hospital,1304281,2026-08-26 16:00:00+00:00,17.0,13.72205,100.784069,Air4Thai,Unknown Governmental Organization
225614,Tha phra Intersection,1305020,2026-08-26 05:00:00+00:00,22.2,13.729431,100.474373,Air4Thai,Unknown Governmental Organization
225614,Tha phra Intersection,1305020,2026-08-26 06:00:00+00:00,22.3,13.729431,100.474373,Air4Thai,Unknown Governmental Organization
225614,Tha phra Intersection,1305020,2026-08-26 07:00:00+00:00,22.6,13.729431,100.474373,Air4Thai,Unknown Governmental Organization
225614,Tha phra Intersection,1305020,2026-08-26 08:00:00+00:00,22.9,13.729431,100.474373,Air4Thai,Unknown Governmental Organization
225614,Tha phra Intersection,1305020,2026-08-26 09:00:00+00:00,23.4,13.729431,100.474373,Air4Thai,Unknown Governmental Organization
225614,Tha phra Intersection,1305020,2026-08-26 10:00:00+00:00,23.7,13.729431,100.474373,Air4Thai,Unknown Governmental Organization
225614,Tha phra Intersection,1305020,2026-08-26 11:00:00+00:00,23.0,13.729431,100.474373,Air4Thai,Unknown Governmental Organization
225614,Tha phra Intersection,1305020,2026-08-26 12:00:00+00:00,22.6,13.729431,100.474373,Air4Thai,Unknown Governmental Organization
225614,Tha phra Intersection,1305020,2026-08-26 13:00:00+00:00,23.4,13.729431,100.474373,Air4Thai,Unknown Governmental Organization
225614,Tha phra Intersection,1305020,2026-08-26 14:00:00+00:00,23.3,13.729431,100.474373,Air4Thai,Unknown Governmental Organization
225614,Tha phra Intersection,1305020,2026-08-26 15:00:00+00:00,23.3,13.729431,100.474373,Air4Thai,Unknown Governmental Organization
225614,Tha phra Intersection,1305020,2026-08-26 16:00:00+00:00,23.5,13.729431,100.474373,Air4Thai,Unknown Governmental Organization
225615,"Meteorological stations, Nakhon Phanom",1304331,2026-08-26 05:00:00+00:00,21.5,17.412345,104.7786123,Air4Thai,Unknown Governmental Organization
225615,"Meteorological stations, Nakhon Phanom",1304331,2026-08-26 06:00:00+00:00,21.5,17.412345,104.7786123,Air4Thai,Unknown Governmental Organization
225615,"Meteorological stations, Nakhon Phanom",1304331,2026-08-26 07:00:00+00:00,21.5,17.412345,104.7786123,Air4Thai,Unknown Governmental Organization
225615,"Meteorological stations, Nakhon Phanom",1304331,2026-08-26 08:00:00+00:00,21.4,17.412345,104.7786123,Air4Thai,Unknown Governmental Organization
225615,"Meteorological stations, Nakhon Phanom",1304331,2026-08-26 09:00:00+00:00,21.1,17.412345,104.7786123,Air4Thai,Unknown Governmental Organization
225615,"Meteorological stations, Nakhon Phanom",1304331,2026-08-26 10:00:00+00:00,20.9,17.412345,104.7786123,Air4Thai,Unknown Governmental Organization
225615,"Meteorological stations, Nakhon Phanom",1304331,2026-08-26 11:00:00+00:00,20.8,17.412345,104.7786123,Air4Thai,Unknown Governmental Organization
225615,"Meteorological stations, Nakhon Phanom",1304331,2026-08-26 12:00:00+00:00,20.7,17.412345,104.7786123,Air4Thai,Unknown Governmental Organization
225615,"Meteorological stations, Nakhon Phanom",1304331,2026-08-26 13:00:00+00:00,20.7,17.412345,104.7786123,Air4Thai,Unknown Governmental Organization
225615,"Meteorological stations, Nakhon Phanom",1304331,2026-08-26 14:00:00+00:00,21.1,17.412345,104.7786123,Air4Thai,Unknown Governmental Organization
225615,"Meteorological stations, Nakhon Phanom",1304331,2026-08-26 15:00:00+00:00,21.5,17.412345,104.7786123,Air4Thai,Unknown Governmental Organization
225615,"Meteorological stations, Nakhon Phanom",1304331,2026-08-26 16:00:00+00:00,21.5,17.412345,104.7786123,Air4Thai,Unknown Governmental Organization
225617,"Suan Luang District Office, Bangkok",1304343,2026-08-26 05:00:00+00:00,9.4,13.731051,100.651705,Air4Thai,Unknown Governmental Organization
225617,"Suan Luang District Office, Bangkok",1304343,2026-08-26 06:00:00+00:00,9.2,13.731051,100.651705,Air4Thai,Unknown Governmental Organization
225617,"Suan Luang District Office, Bangkok",1304343,2026-08-26 07:00:00+00:00,9.3,13.731051,100.651705,Air4Thai,Unknown Governmental Organization
225617,"Suan Luang District Office, Bangkok",1304343,2026-08-26 08:00:00+00:00,9.0,13.731051,100.651705,Air4Thai,Unknown Governmental Organization
225617,"Suan Luang District Office, Bangkok",1304343,2026-08-26 09:00:00+00:00,8.8,13.731051,100.651705,Air4Thai,Unknown Governmental Organization
225617,"Suan Luang District Office, Bangkok",1304343,2026-08-26 10:00:00+00:00,8.7,13.731051,100.651705,Air4Thai,Unknown Governmental Organization
225617,"Suan Luang District Office, Bangkok",1304343,2026-08-26 11:00:00+00:00,8.4,13.731051,100.651705,Air4Thai,Unknown Governmental Organization
225617,"Suan Luang District Office, Bangkok",1304343,2026-08-26 12:00:00+00:00,8.3,13.731051,100.651705,Air4Thai,Unknown Governmental Organization
225617,"Suan Luang District Office, Bangkok",1304343,2026-08-26 13:00:00+00:00,8.3,13.731051,100.651705,Air4Thai,Unknown Governmental Organization
225617,"Suan Luang District Office, Bangkok",1304343,2026-08-26 14:00:00+00:00,8.2,13.731051,100.651705,Air4Thai,Unknown Governmental Organization
225617,"Suan Luang District Office, Bangkok",1304343,2026-08-26 15:00:00+00:00,7.9,13.731051,100.651705,Air4Thai,Unknown Governmental Organization
225617,"Suan Luang District Office, Bangkok",1304343,2026-08-26 16:00:00+00:00,7.7,13.731051,100.651705,Air4Thai,Unknown Governmental Organization
225619,"Don Mueng District Office, Bangkok",1304237,2026-08-26 05:00:00+00:00,5.0,13.910986,100.594877,Air4Thai,Unknown Governmental Organization
225619,"Don Mueng District Office, Bangkok",1304237,2026-08-26 06:00:00+00:00,4.9,13.910986,100.594877,Air4Thai,Unknown Governmental Organization
225619,"Don Mueng District Office, Bangkok",1304237,2026-08-26 07:00:00+00:00,5.1,13.910986,100.594877,Air4Thai,Unknown Governmental Organization
225619,"Don Mueng District Office, Bangkok",1304237,2026-08-26 08:00:00+00:00,4.9,13.910986,100.594877,Air4Thai,Unknown Governmental Organization
225619,"Don Mueng District Office, Bangkok",1304237,2026-08-26 09:00:00+00:00,4.7,13.910986,100.594877,Air4Thai,Unknown Governmental Organization
225619,"Don Mueng District Office, Bangkok",1304237,2026-08-26 10:00:00+00:00,5.4,13.910986,100.594877,Air4Thai,Unknown Governmental Organization
225619,"Don Mueng District Office, Bangkok",1304237,2026-08-26 11:00:00+00:00,5.4,13.910986,100.594877,Air4Thai,Unknown Governmental Organization
225619,"Don Mueng District Office, Bangkok",1304237,2026-08-26 12:00:00+00:00,5.3,13.910986,100.594877,Air4Thai,Unknown Governmental Organization
225619,"Don Mueng District Office, Bangkok",1304237,2026-08-26 13:00:00+00:00,5.4,13.910986,100.594877,Air4Thai,Unknown Governmental Organization
225619,"Don Mueng District Office, Bangkok",1304237,2026-08-26 14:00:00+00:00,5.0,13.910986,100.594877,Air4Thai,Unknown Governmental Organization
225619,"Don Mueng District Office, Bangkok",1304237,2026-08-26 15:00:00+00:00,4.9,13.910986,100.594877,Air4Thai,Unknown Governmental Organization
225619,"Don Mueng District Office, Bangkok",1304237,2026-08-26 16:00:00+00:00,4.7,13.910986,100.594877,Air4Thai,Unknown Governmental Organization
225620,Na Phralan Police Station,1304135,2026-08-26 05:00:00+00:00,16.7,14.685833,100.87199599999998,Air4Thai,Unknown Governmental Organization
225620,Na Phralan Police Station,1304135,2026-08-26 06:00:00+00:00,16.6,14.685833,100.87199599999998,Air4Thai,Unknown Governmental Organization
225620,Na Phralan Police Station,1304135,2026-08-26 07:00:00+00:00,16.6,14.685833,100.87199599999998,Air4Thai,Unknown Governmental Organization
225620,Na Phralan Police Station,1304135,2026-08-26 08:00:00+00:00,16.5,14.685833,100.87199599999998,Air4Thai,Unknown Governmental Organization
225620,Na Phralan Police Station,1304135,2026-08-26 09:00:00+00:00,16.1,14.685833,100.87199599999998,Air4Thai,Unknown Governmental Organization
225620,Na Phralan Police Station,1304135,2026-08-26 10:00:00+00:00,15.7,14.685833,100.87199599999998,Air4Thai,Unknown Governmental Organization
225620,Na Phralan Police Station,1304135,2026-08-26 11:00:00+00:00,15.4,14.685833,100.87199599999998,Air4Thai,Unknown Governmental Organization
225620,Na Phralan Police Station,1304135,2026-08-26 12:00:00+00:00,15.4,14.685833,100.87199599999998,Air4Thai,Unknown Governmental Organization
225620,Na Phralan Police Station,1304135,2026-08-26 13:00:00+00:00,15.8,14.685833,100.87199599999998,Air4Thai,Unknown Governmental Organization
225620,Na Phralan Police Station,1304135,2026-08-26 14:00:00+00:00,16.2,14.685833,100.87199599999998,Air4Thai,Unknown Governmental Organization
225620,Na Phralan Police Station,1304135,2026-08-26 15:00:00+00:00,16.8,14.685833,100.87199599999998,Air4Thai,Unknown Governmental Organization
225620,Na Phralan Police Station,1304135,2026-08-26 16:00:00+00:00,17.1,14.685833,100.87199599999998,Air4Thai,Unknown Governmental Organization
225621,Thon Buri Market Sanam Luang 2,1304323,2026-08-26 05:00:00+00:00,9.1,13.746257,100.355099,Air4Thai,Unknown Governmental Organization
225621,Thon Buri Market Sanam Luang 2,1304323,2026-08-26 06:00:00+00:00,9.3,13.746257,100.355099,Air4Thai,Unknown Governmental Organization
225621,Thon Buri Market Sanam Luang 2,1304323,2026-08-26 07:00:00+00:00,8.5,13.746257,100.355099,Air4Thai,Unknown Governmental Organization
225621,Thon Buri Market Sanam Luang 2,1304323,2026-08-26 08:00:00+00:00,8.4,13.746257,100.355099,Air4Thai,Unknown Governmental Organization
225621,Thon Buri Market Sanam Luang 2,1304323,2026-08-26 09:00:00+00:00,8.5,13.746257,100.355099,Air4Thai,Unknown Governmental Organization
225621,Thon Buri Market Sanam Luang 2,1304323,2026-08-26 10:00:00+00:00,7.9,13.746257,100.355099,Air4Thai,Unknown Governmental Organization
225621,Thon Buri Market Sanam Luang 2,1304323,2026-08-26 11:00:00+00:00,8.2,13.746257,100.355099,Air4Thai,Unknown Governmental Organization
225621,Thon Buri Market Sanam Luang 2,1304323,2026-08-26 12:00:00+00:00,7.8,13.746257,100.355099,Air4Thai,Unknown Governmental Organization
225621,Thon Buri Market Sanam Luang 2,1304323,2026-08-26 13:00:00+00:00,7.5,13.746257,100.355099,Air4Thai,Unknown Governmental Organization
225621,Thon Buri Market Sanam Luang 2,1304323,2026-08-26 14:00:00+00:00,6.7,13.746257,100.355099,Air4Thai,Unknown Governmental Organization
225621,Thon Buri Market Sanam Luang 2,1304323,2026-08-26 15:00:00+00:00,6.7,13.746257,100.355099,Air4Thai,Unknown Governmental Organization
225621,Thon Buri Market Sanam Luang 2,1304323,2026-08-26 16:00:00+00:00,6.3,13.746257,100.355099,Air4Thai,Unknown Governmental Organization
225622,"Huai Khwang District Office, Bangkok",1304203,2026-08-26 05:00:00+00:00,6.6,13.77682,100.579543,Air4Thai,Unknown Governmental Organization
225622,"Huai Khwang District Office, Bangkok",1304203,2026-08-26 06:00:00+00:00,6.6,13.77682,100.579543,Air4Thai,Unknown Governmental Organization
225622,"Huai Khwang District Office, Bangkok",1304203,2026-08-26 07:00:00+00:00,6.6,13.77682,100.579543,Air4Thai,Unknown Governmental Organization
225622,"Huai Khwang District Office, Bangkok",1304203,2026-08-26 08:00:00+00:00,6.4,13.77682,100.579543,Air4Thai,Unknown Governmental Organization
225622,"Huai Khwang District Office, Bangkok",1304203,2026-08-26 09:00:00+00:00,6.3,13.77682,100.579543,Air4Thai,Unknown Governmental Organization
225622,"Huai Khwang District Office, Bangkok",1304203,2026-08-26 10:00:00+00:00,6.1,13.77682,100.579543,Air4Thai,Unknown Governmental Organization
225622,"Huai Khwang District Office, Bangkok",1304203,2026-08-26 11:00:00+00:00,5.7,13.77682,100.579543,Air4Thai,Unknown Governmental Organization
225622,"Huai Khwang District Office, Bangkok",1304203,2026-08-26 12:00:00+00:00,5.9,13.77682,100.579543,Air4Thai,Unknown Governmental Organization
225622,"Huai Khwang District Office, Bangkok",1304203,2026-08-26 13:00:00+00:00,5.9,13.77682,100.579543,Air4Thai,Unknown Governmental Organization
225622,"Huai Khwang District Office, Bangkok",1304203,2026-08-26 14:00:00+00:00,5.5,13.77682,100.579543,Air4Thai,Unknown Governmental Organization
225622,"Huai Khwang District Office, Bangkok",1304203,2026-08-26 15:00:00+00:00,5.3,13.77682,100.579543,Air4Thai,Unknown Governmental Organization
225622,"Huai Khwang District Office, Bangkok",1304203,2026-08-26 16:00:00+00:00,5.4,13.77682,100.579543,Air4Thai,Unknown Governmental Organization
225623,Environmental Office 8 ratchaburi,1304360,2026-08-26 06:00:00+00:00,11.2,13.52344,99.814082,Air4Thai,Unknown Governmental Organization
225623,Environmental Office 8 ratchaburi,1304360,2026-08-26 07:00:00+00:00,10.7,13.52344,99.814082,Air4Thai,Unknown Governmental Organization
225623,Environmental Office 8 ratchaburi,1304360,2026-08-26 08:00:00+00:00,10.4,13.52344,99.814082,Air4Thai,Unknown Governmental Organization
225623,Environmental Office 8 ratchaburi,1304360,2026-08-26 09:00:00+00:00,10.1,13.52344,99.814082,Air4Thai,Unknown Governmental Organization
225623,Environmental Office 8 ratchaburi,1304360,2026-08-26 10:00:00+00:00,9.9,13.52344,99.814082,Air4Thai,Unknown Governmental Organization
225623,Environmental Office 8 ratchaburi,1304360,2026-08-26 11:00:00+00:00,9.6,13.52344,99.814082,Air4Thai,Unknown Governmental Organization
225623,Environmental Office 8 ratchaburi,1304360,2026-08-26 12:00:00+00:00,9.4,13.52344,99.814082,Air4Thai,Unknown Governmental Organization
225623,Environmental Office 8 ratchaburi,1304360,2026-08-26 13:00:00+00:00,9.2,13.52344,99.814082,Air4Thai,Unknown Governmental Organization
225623,Environmental Office 8 ratchaburi,1304360,2026-08-26 14:00:00+00:00,9.0,13.52344,99.814082,Air4Thai,Unknown Governmental Organization
225623,Environmental Office 8 ratchaburi,1304360,2026-08-26 15:00:00+00:00,8.8,13.52344,99.814082,Air4Thai,Unknown Governmental Organization
225623,Environmental Office 8 ratchaburi,1304360,2026-08-26 16:00:00+00:00,8.9,13.52344,99.814082,Air4Thai,Unknown Governmental Organization
225624,Odeon Circus,1304435,2026-08-26 05:00:00+00:00,14.3,13.737136,100.512734,Air4Thai,Unknown Governmental Organization
225624,Odeon Circus,1304435,2026-08-26 06:00:00+00:00,13.9,13.737136,100.512734,Air4Thai,Unknown Governmental Organization
225624,Odeon Circus,1304435,2026-08-26 07:00:00+00:00,14.3,13.737136,100.512734,Air4Thai,Unknown Governmental Organization
225624,Odeon Circus,1304435,2026-08-26 08:00:00+00:00,14.2,13.737136,100.512734,Air4Thai,Unknown Governmental Organization
225624,Odeon Circus,1304435,2026-08-26 09:00:00+00:00,14.2,13.737136,100.512734,Air4Thai,Unknown Governmental Organization
225624,Odeon Circus,1304435,2026-08-26 10:00:00+00:00,13.6,13.737136,100.512734,Air4Thai,Unknown Governmental Organization
225624,Odeon Circus,1304435,2026-08-26 11:00:00+00:00,13.9,13.737136,100.512734,Air4Thai,Unknown Governmental Organization
225624,Odeon Circus,1304435,2026-08-26 12:00:00+00:00,14.0,13.737136,100.512734,Air4Thai,Unknown Governmental Organization
225624,Odeon Circus,1304435,2026-08-26 13:00:00+00:00,14.1,13.737136,100.512734,Air4Thai,Unknown Governmental Organization
225624,Odeon Circus,1304435,2026-08-26 14:00:00+00:00,14.5,13.737136,100.512734,Air4Thai,Unknown Governmental Organization
225624,Odeon Circus,1304435,2026-08-26 15:00:00+00:00,14.5,13.737136,100.512734,Air4Thai,Unknown Governmental Organization
225624,Odeon Circus,1304435,2026-08-26 16:00:00+00:00,14.6,13.737136,100.512734,Air4Thai,Unknown Governmental Organization
225625,"City Hall, Satun",1304232,2026-08-26 05:00:00+00:00,16.1,6.624747,100.06615900000001,Air4Thai,Unknown Governmental Organization
225625,"City Hall, Satun",1304232,2026-08-26 06:00:00+00:00,15.9,6.624747,100.06615900000001,Air4Thai,Unknown Governmental Organization
225625,"City Hall, Satun",1304232,2026-08-26 07:00:00+00:00,15.5,6.624747,100.06615900000001,Air4Thai,Unknown Governmental Organization
225625,"City Hall, Satun",1304232,2026-08-26 08:00:00+00:00,15.2,6.624747,100.06615900000001,Air4Thai,Unknown Governmental Organization
225625,"City Hall, Satun",1304232,2026-08-26 09:00:00+00:00,15.1,6.624747,100.06615900000001,Air4Thai,Unknown Governmental Organization
225625,"City Hall, Satun",1304232,2026-08-26 10:00:00+00:00,14.8,6.624747,100.06615900000001,Air4Thai,Unknown Governmental Organization
225625,"City Hall, Satun",1304232,2026-08-26 15:00:00+00:00,13.8,6.624747,100.06615900000001,Air4Thai,Unknown Governmental Organization
225626,"Non-Formal Education Centre, Mea Sot",1304278,2026-08-26 05:00:00+00:00,10.8,16.734413,98.566961,Air4Thai,Unknown Governmental Organization
225626,"Non-Formal Education Centre, Mea Sot",1304278,2026-08-26 07:00:00+00:00,10.6,16.734413,98.566961,Air4Thai,Unknown Governmental Organization
225626,"Non-Formal Education Centre, Mea Sot",1304278,2026-08-26 08:00:00+00:00,10.5,16.734413,98.566961,Air4Thai,Unknown Governmental Organization
225626,"Non-Formal Education Centre, Mea Sot",1304278,2026-08-26 09:00:00+00:00,10.5,16.734413,98.566961,Air4Thai,Unknown Governmental Organization
225626,"Non-Formal Education Centre, Mea Sot",1304278,2026-08-26 10:00:00+00:00,10.4,16.734413,98.566961,Air4Thai,Unknown Governmental Organization
225626,"Non-Formal Education Centre, Mea Sot",1304278,2026-08-26 15:00:00+00:00,10.2,16.734413,98.566961,Air4Thai,Unknown Governmental Organization
225628,"Government Complex, Rayong",1305269,2026-08-26 05:00:00+00:00,23.1,12.7066,101.18055,Air4Thai,Unknown Governmental Organization
225628,"Government Complex, Rayong",1305269,2026-08-26 06:00:00+00:00,23.4,12.7066,101.18055,Air4Thai,Unknown Governmental Organization
225628,"Government Complex, Rayong",1305269,2026-08-26 07:00:00+00:00,24.0,12.7066,101.18055,Air4Thai,Unknown Governmental Organization
225628,"Government Complex, Rayong",1305269,2026-08-26 08:00:00+00:00,24.6,12.7066,101.18055,Air4Thai,Unknown Governmental Organization
225628,"Government Complex, Rayong",1305269,2026-08-26 09:00:00+00:00,25.2,12.7066,101.18055,Air4Thai,Unknown Governmental Organization
225628,"Government Complex, Rayong",1305269,2026-08-26 10:00:00+00:00,25.4,12.7066,101.18055,Air4Thai,Unknown Governmental Organization
225628,"Government Complex, Rayong",1305269,2026-08-26 11:00:00+00:00,25.4,12.7066,101.18055,Air4Thai,Unknown Governmental Organization
225628,"Government Complex, Rayong",1305269,2026-08-26 12:00:00+00:00,25.2,12.7066,101.18055,Air4Thai,Unknown Governmental Organization
225628,"Government Complex, Rayong",1305269,2026-08-26 13:00:00+00:00,24.9,12.7066,101.18055,Air4Thai,Unknown Governmental Organization
225628,"Government Complex, Rayong",1305269,2026-08-26 14:00:00+00:00,24.4,12.7066,101.18055,Air4Thai,Unknown Governmental Organization
225628,"Government Complex, Rayong",1305269,2026-08-26 15:00:00+00:00,24.0,12.7066,101.18055,Air4Thai,Unknown Governmental Organization
225628,"Government Complex, Rayong",1305269,2026-08-26 16:00:00+00:00,23.8,12.7066,101.18055,Air4Thai,Unknown Governmental Organization
225629,Department of Disease Control,1304077,2026-08-26 06:00:00+00:00,4.9,13.852778,100.529444,Air4Thai,Unknown Governmental Organization
225629,Department of Disease Control,1304077,2026-08-26 07:00:00+00:00,4.7,13.852778,100.529444,Air4Thai,Unknown Governmental Organization
225629,Department of Disease Control,1304077,2026-08-26 08:00:00+00:00,4.4,13.852778,100.529444,Air4Thai,Unknown Governmental Organization
225629,Department of Disease Control,1304077,2026-08-26 09:00:00+00:00,4.1,13.852778,100.529444,Air4Thai,Unknown Governmental Organization
225629,Department of Disease Control,1304077,2026-08-26 10:00:00+00:00,4.0,13.852778,100.529444,Air4Thai,Unknown Governmental Organization
225629,Department of Disease Control,1304077,2026-08-26 11:00:00+00:00,3.9,13.852778,100.529444,Air4Thai,Unknown Governmental Organization
225629,Department of Disease Control,1304077,2026-08-26 12:00:00+00:00,3.8,13.852778,100.529444,Air4Thai,Unknown Governmental Organization
225629,Department of Disease Control,1304077,2026-08-26 13:00:00+00:00,3.8,13.852778,100.529444,Air4Thai,Unknown Governmental Organization
225629,Department of Disease Control,1304077,2026-08-26 14:00:00+00:00,3.9,13.852778,100.529444,Air4Thai,Unknown Governmental Organization
225629,Department of Disease Control,1304077,2026-08-26 15:00:00+00:00,3.9,13.852778,100.529444,Air4Thai,Unknown Governmental Organization
225629,Department of Disease Control,1304077,2026-08-26 16:00:00+00:00,3.7,13.852778,100.529444,Air4Thai,Unknown Governmental Organization
225630,"Meteorology Center, Phrae",1304063,2026-08-26 05:00:00+00:00,11.1,18.1283666,100.16243330000002,Air4Thai,Unknown Governmental Organization
225630,"Meteorology Center, Phrae",1304063,2026-08-26 06:00:00+00:00,11.0,18.1283666,100.16243330000002,Air4Thai,Unknown Governmental Organization
225630,"Meteorology Center, Phrae",1304063,2026-08-26 07:00:00+00:00,10.9,18.1283666,100.16243330000002,Air4Thai,Unknown Governmental Organization
225630,"Meteorology Center, Phrae",1304063,2026-08-26 08:00:00+00:00,10.7,18.1283666,100.16243330000002,Air4Thai,Unknown Governmental Organization
225630,"Meteorology Center, Phrae",1304063,2026-08-26 09:00:00+00:00,10.7,18.1283666,100.16243330000002,Air4Thai,Unknown Governmental Organization
225630,"Meteorology Center, Phrae",1304063,2026-08-26 10:00:00+00:00,10.6,18.1283666,100.16243330000002,Air4Thai,Unknown Governmental Organization
225630,"Meteorology Center, Phrae",1304063,2026-08-26 11:00:00+00:00,10.3,18.1283666,100.16243330000002,Air4Thai,Unknown Governmental Organization
225630,"Meteorology Center, Phrae",1304063,2026-08-26 12:00:00+00:00,10.3,18.1283666,100.16243330000002,Air4Thai,Unknown Governmental Organization
225630,"Meteorology Center, Phrae",1304063,2026-08-26 13:00:00+00:00,10.1,18.1283666,100.16243330000002,Air4Thai,Unknown Governmental Organization
225630,"Meteorology Center, Phrae",1304063,2026-08-26 14:00:00+00:00,9.9,18.1283666,100.16243330000002,Air4Thai,Unknown Governmental Organization
225630,"Meteorology Center, Phrae",1304063,2026-08-26 15:00:00+00:00,9.7,18.1283666,100.16243330000002,Air4Thai,Unknown Governmental Organization
225630,"Meteorology Center, Phrae",1304063,2026-08-26 16:00:00+00:00,10.0,18.1283666,100.16243330000002,Air4Thai,Unknown Governmental Organization
225631,National Economic and Social Development Council Office,1304293,2026-08-26 05:00:00+00:00,8.8,13.756281,100.514267,Air4Thai,Unknown Governmental Organization
225631,National Economic and Social Development Council Office,1304293,2026-08-26 06:00:00+00:00,8.7,13.756281,100.514267,Air4Thai,Unknown Governmental Organization
225631,National Economic and Social Development Council Office,1304293,2026-08-26 07:00:00+00:00,8.8,13.756281,100.514267,Air4Thai,Unknown Governmental Organization
225631,National Economic and Social Development Council Office,1304293,2026-08-26 08:00:00+00:00,8.6,13.756281,100.514267,Air4Thai,Unknown Governmental Organization
225631,National Economic and Social Development Council Office,1304293,2026-08-26 09:00:00+00:00,8.5,13.756281,100.514267,Air4Thai,Unknown Governmental Organization
225631,National Economic and Social Development Council Office,1304293,2026-08-26 10:00:00+00:00,8.4,13.756281,100.514267,Air4Thai,Unknown Governmental Organization
225631,National Economic and Social Development Council Office,1304293,2026-08-26 11:00:00+00:00,8.0,13.756281,100.514267,Air4Thai,Unknown Governmental Organization
225631,National Economic and Social Development Council Office,1304293,2026-08-26 12:00:00+00:00,7.7,13.756281,100.514267,Air4Thai,Unknown Governmental Organization
225631,National Economic and Social Development Council Office,1304293,2026-08-26 13:00:00+00:00,7.5,13.756281,100.514267,Air4Thai,Unknown Governmental Organization
225631,National Economic and Social Development Council Office,1304293,2026-08-26 14:00:00+00:00,7.5,13.756281,100.514267,Air4Thai,Unknown Governmental Organization
225631,National Economic and Social Development Council Office,1304293,2026-08-26 15:00:00+00:00,7.3,13.756281,100.514267,Air4Thai,Unknown Governmental Organization
225631,National Economic and Social Development Council Office,1304293,2026-08-26 16:00:00+00:00,7.0,13.756281,100.514267,Air4Thai,Unknown Governmental Organization
225632,"Chomthong District Office, Bangkok",1304130,2026-08-26 05:00:00+00:00,8.6,13.677757,100.483861,Air4Thai,Unknown Governmental Organization
225632,"Chomthong District Office, Bangkok",1304130,2026-08-26 06:00:00+00:00,8.8,13.677757,100.483861,Air4Thai,Unknown Governmental Organization
225632,"Chomthong District Office, Bangkok",1304130,2026-08-26 07:00:00+00:00,8.6,13.677757,100.483861,Air4Thai,Unknown Governmental Organization
225632,"Chomthong District Office, Bangkok",1304130,2026-08-26 08:00:00+00:00,8.1,13.677757,100.483861,Air4Thai,Unknown Governmental Organization
225632,"Chomthong District Office, Bangkok",1304130,2026-08-26 09:00:00+00:00,8.2,13.677757,100.483861,Air4Thai,Unknown Governmental Organization
225632,"Chomthong District Office, Bangkok",1304130,2026-08-26 10:00:00+00:00,7.8,13.677757,100.483861,Air4Thai,Unknown Governmental Organization
225632,"Chomthong District Office, Bangkok",1304130,2026-08-26 11:00:00+00:00,7.5,13.677757,100.483861,Air4Thai,Unknown Governmental Organization
225632,"Chomthong District Office, Bangkok",1304130,2026-08-26 12:00:00+00:00,7.1,13.677757,100.483861,Air4Thai,Unknown Governmental Organization
225632,"Chomthong District Office, Bangkok",1304130,2026-08-26 13:00:00+00:00,7.2,13.677757,100.483861,Air4Thai,Unknown Governmental Organization
225632,"Chomthong District Office, Bangkok",1304130,2026-08-26 14:00:00+00:00,7.1,13.677757,100.483861,Air4Thai,Unknown Governmental Organization
225632,"Chomthong District Office, Bangkok",1304130,2026-08-26 15:00:00+00:00,7.4,13.677757,100.483861,Air4Thai,Unknown Governmental Organization
225632,"Chomthong District Office, Bangkok",1304130,2026-08-26 16:00:00+00:00,7.0,13.677757,100.483861,Air4Thai,Unknown Governmental Organization
225633,Siam University,1304192,2026-08-26 05:00:00+00:00,15.5,13.718689,100.45391,Air4Thai,Unknown Governmental Organization
225633,Siam University,1304192,2026-08-26 06:00:00+00:00,15.3,13.718689,100.45391,Air4Thai,Unknown Governmental Organization
225633,Siam University,1304192,2026-08-26 07:00:00+00:00,15.3,13.718689,100.45391,Air4Thai,Unknown Governmental Organization
225633,Siam University,1304192,2026-08-26 08:00:00+00:00,15.2,13.718689,100.45391,Air4Thai,Unknown Governmental Organization
225633,Siam University,1304192,2026-08-26 09:00:00+00:00,15.2,13.718689,100.45391,Air4Thai,Unknown Governmental Organization
225633,Siam University,1304192,2026-08-26 10:00:00+00:00,14.6,13.718689,100.45391,Air4Thai,Unknown Governmental Organization
225633,Siam University,1304192,2026-08-26 11:00:00+00:00,14.2,13.718689,100.45391,Air4Thai,Unknown Governmental Organization
225633,Siam University,1304192,2026-08-26 12:00:00+00:00,14.1,13.718689,100.45391,Air4Thai,Unknown Governmental Organization
225633,Siam University,1304192,2026-08-26 13:00:00+00:00,14.0,13.718689,100.45391,Air4Thai,Unknown Governmental Organization
225633,Siam University,1304192,2026-08-26 14:00:00+00:00,13.7,13.718689,100.45391,Air4Thai,Unknown Governmental Organization
225633,Siam University,1304192,2026-08-26 15:00:00+00:00,13.7,13.718689,100.45391,Air4Thai,Unknown Governmental Organization
225633,Siam University,1304192,2026-08-26 16:00:00+00:00,13.5,13.718689,100.45391,Air4Thai,Unknown Governmental Organization
225634,"Rat Burana District Office,  Bangkok",1304054,2026-08-26 05:00:00+00:00,17.6,13.6821364,100.5060513,Air4Thai,Unknown Governmental Organization
225634,"Rat Burana District Office,  Bangkok",1304054,2026-08-26 06:00:00+00:00,17.2,13.6821364,100.5060513,Air4Thai,Unknown Governmental Organization
225634,"Rat Burana District Office,  Bangkok",1304054,2026-08-26 07:00:00+00:00,17.0,13.6821364,100.5060513,Air4Thai,Unknown Governmental Organization
225634,"Rat Burana District Office,  Bangkok",1304054,2026-08-26 08:00:00+00:00,16.8,13.6821364,100.5060513,Air4Thai,Unknown Governmental Organization
225634,"Rat Burana District Office,  Bangkok",1304054,2026-08-26 09:00:00+00:00,16.7,13.6821364,100.5060513,Air4Thai,Unknown Governmental Organization
225634,"Rat Burana District Office,  Bangkok",1304054,2026-08-26 10:00:00+00:00,16.8,13.6821364,100.5060513,Air4Thai,Unknown Governmental Organization
225634,"Rat Burana District Office,  Bangkok",1304054,2026-08-26 11:00:00+00:00,16.5,13.6821364,100.5060513,Air4Thai,Unknown Governmental Organization
225634,"Rat Burana District Office,  Bangkok",1304054,2026-08-26 12:00:00+00:00,16.7,13.6821364,100.5060513,Air4Thai,Unknown Governmental Organization
225634,"Rat Burana District Office,  Bangkok",1304054,2026-08-26 13:00:00+00:00,16.6,13.6821364,100.5060513,Air4Thai,Unknown Governmental Organization
225634,"Rat Burana District Office,  Bangkok",1304054,2026-08-26 14:00:00+00:00,16.8,13.6821364,100.5060513,Air4Thai,Unknown Governmental Organization
225634,"Rat Burana District Office,  Bangkok",1304054,2026-08-26 15:00:00+00:00,16.9,13.6821364,100.5060513,Air4Thai,Unknown Governmental Organization
225634,"Rat Burana District Office,  Bangkok",1304054,2026-08-26 16:00:00+00:00,16.9,13.6821364,100.5060513,Air4Thai,Unknown Governmental Organization
225635,"Wang Thonglang District Office, Bangkok",1304123,2026-08-26 05:00:00+00:00,16.5,13.778981,100.622294,Air4Thai,Unknown Governmental Organization
225635,"Wang Thonglang District Office, Bangkok",1304123,2026-08-26 06:00:00+00:00,16.5,13.778981,100.622294,Air4Thai,Unknown Governmental Organization
225635,"Wang Thonglang District Office, Bangkok",1304123,2026-08-26 07:00:00+00:00,16.5,13.778981,100.622294,Air4Thai,Unknown Governmental Organization
225635,"Wang Thonglang District Office, Bangkok",1304123,2026-08-26 08:00:00+00:00,16.6,13.778981,100.622294,Air4Thai,Unknown Governmental Organization
225635,"Wang Thonglang District Office, Bangkok",1304123,2026-08-26 09:00:00+00:00,16.6,13.778981,100.622294,Air4Thai,Unknown Governmental Organization
225635,"Wang Thonglang District Office, Bangkok",1304123,2026-08-26 10:00:00+00:00,16.7,13.778981,100.622294,Air4Thai,Unknown Governmental Organization
225635,"Wang Thonglang District Office, Bangkok",1304123,2026-08-26 11:00:00+00:00,17.0,13.778981,100.622294,Air4Thai,Unknown Governmental Organization
225635,"Wang Thonglang District Office, Bangkok",1304123,2026-08-26 12:00:00+00:00,17.0,13.778981,100.622294,Air4Thai,Unknown Governmental Organization
225635,"Wang Thonglang District Office, Bangkok",1304123,2026-08-26 13:00:00+00:00,16.8,13.778981,100.622294,Air4Thai,Unknown Governmental Organization
225635,"Wang Thonglang District Office, Bangkok",1304123,2026-08-26 14:00:00+00:00,16.3,13.778981,100.622294,Air4Thai,Unknown Governmental Organization
225635,"Wang Thonglang District Office, Bangkok",1304123,2026-08-26 15:00:00+00:00,16.2,13.778981,100.622294,Air4Thai,Unknown Governmental Organization
225635,"Wang Thonglang District Office, Bangkok",1304123,2026-08-26 16:00:00+00:00,15.9,13.778981,100.622294,Air4Thai,Unknown Governmental Organization
225636,Khao Noi Fire Station,1304300,2026-08-26 05:00:00+00:00,10.4,14.526343,100.926047,Air4Thai,Unknown Governmental Organization
225636,Khao Noi Fire Station,1304300,2026-08-26 06:00:00+00:00,10.4,14.526343,100.926047,Air4Thai,Unknown Governmental Organization
225636,Khao Noi Fire Station,1304300,2026-08-26 07:00:00+00:00,10.3,14.526343,100.926047,Air4Thai,Unknown Governmental Organization
225636,Khao Noi Fire Station,1304300,2026-08-26 08:00:00+00:00,10.1,14.526343,100.926047,Air4Thai,Unknown Governmental Organization
225636,Khao Noi Fire Station,1304300,2026-08-26 09:00:00+00:00,10.0,14.526343,100.926047,Air4Thai,Unknown Governmental Organization
225636,Khao Noi Fire Station,1304300,2026-08-26 10:00:00+00:00,9.9,14.526343,100.926047,Air4Thai,Unknown Governmental Organization
225636,Khao Noi Fire Station,1304300,2026-08-26 11:00:00+00:00,9.6,14.526343,100.926047,Air4Thai,Unknown Governmental Organization
225636,Khao Noi Fire Station,1304300,2026-08-26 12:00:00+00:00,9.6,14.526343,100.926047,Air4Thai,Unknown Governmental Organization
225636,Khao Noi Fire Station,1304300,2026-08-26 13:00:00+00:00,9.6,14.526343,100.926047,Air4Thai,Unknown Governmental Organization
225636,Khao Noi Fire Station,1304300,2026-08-26 14:00:00+00:00,9.8,14.526343,100.926047,Air4Thai,Unknown Governmental Organization
225636,Khao Noi Fire Station,1304300,2026-08-26 15:00:00+00:00,10.5,14.526343,100.926047,Air4Thai,Unknown Governmental Organization
225636,Khao Noi Fire Station,1304300,2026-08-26 16:00:00+00:00,10.5,14.526343,100.926047,Air4Thai,Unknown Governmental Organization
225637,South Bangkok Power Plant,1304404,2026-08-26 05:00:00+00:00,8.2,13.618,100.5562,Air4Thai,Unknown Governmental Organization
225637,South Bangkok Power Plant,1304404,2026-08-26 06:00:00+00:00,7.8,13.618,100.5562,Air4Thai,Unknown Governmental Organization
225637,South Bangkok Power Plant,1304404,2026-08-26 07:00:00+00:00,7.6,13.618,100.5562,Air4Thai,Unknown Governmental Organization
225637,South Bangkok Power Plant,1304404,2026-08-26 08:00:00+00:00,7.8,13.618,100.5562,Air4Thai,Unknown Governmental Organization
225637,South Bangkok Power Plant,1304404,2026-08-26 09:00:00+00:00,8.1,13.618,100.5562,Air4Thai,Unknown Governmental Organization
225637,South Bangkok Power Plant,1304404,2026-08-26 10:00:00+00:00,8.3,13.618,100.5562,Air4Thai,Unknown Governmental Organization
225637,South Bangkok Power Plant,1304404,2026-08-26 11:00:00+00:00,8.3,13.618,100.5562,Air4Thai,Unknown Governmental Organization
225637,South Bangkok Power Plant,1304404,2026-08-26 12:00:00+00:00,7.9,13.618,100.5562,Air4Thai,Unknown Governmental Organization
225637,South Bangkok Power Plant,1304404,2026-08-26 13:00:00+00:00,7.6,13.618,100.5562,Air4Thai,Unknown Governmental Organization
225637,South Bangkok Power Plant,1304404,2026-08-26 14:00:00+00:00,7.4,13.618,100.5562,Air4Thai,Unknown Governmental Organization
225637,South Bangkok Power Plant,1304404,2026-08-26 15:00:00+00:00,7.3,13.618,100.5562,Air4Thai,Unknown Governmental Organization
225637,South Bangkok Power Plant,1304404,2026-08-26 16:00:00+00:00,7.3,13.618,100.5562,Air4Thai,Unknown Governmental Organization
225638,Samyan Mitrtown,1304216,2026-08-26 05:00:00+00:00,14.5,13.733136,100.52829,Air4Thai,Unknown Governmental Organization
225638,Samyan Mitrtown,1304216,2026-08-26 06:00:00+00:00,14.1,13.733136,100.52829,Air4Thai,Unknown Governmental Organization
225638,Samyan Mitrtown,1304216,2026-08-26 07:00:00+00:00,13.9,13.733136,100.52829,Air4Thai,Unknown Governmental Organization
225638,Samyan Mitrtown,1304216,2026-08-26 08:00:00+00:00,13.5,13.733136,100.52829,Air4Thai,Unknown Governmental Organization
225638,Samyan Mitrtown,1304216,2026-08-26 09:00:00+00:00,13.3,13.733136,100.52829,Air4Thai,Unknown Governmental Organization
225638,Samyan Mitrtown,1304216,2026-08-26 10:00:00+00:00,13.1,13.733136,100.52829,Air4Thai,Unknown Governmental Organization
225638,Samyan Mitrtown,1304216,2026-08-26 11:00:00+00:00,13.0,13.733136,100.52829,Air4Thai,Unknown Governmental Organization
225638,Samyan Mitrtown,1304216,2026-08-26 12:00:00+00:00,12.5,13.733136,100.52829,Air4Thai,Unknown Governmental Organization
225638,Samyan Mitrtown,1304216,2026-08-26 13:00:00+00:00,12.3,13.733136,100.52829,Air4Thai,Unknown Governmental Organization
225638,Samyan Mitrtown,1304216,2026-08-26 14:00:00+00:00,12.2,13.733136,100.52829,Air4Thai,Unknown Governmental Organization
225638,Samyan Mitrtown,1304216,2026-08-26 15:00:00+00:00,12.1,13.733136,100.52829,Air4Thai,Unknown Governmental Organization
225638,Samyan Mitrtown,1304216,2026-08-26 16:00:00+00:00,12.3,13.733136,100.52829,Air4Thai,Unknown Governmental Organization
225639,"City Hall, Narathiwat",1304162,2026-08-26 05:00:00+00:00,16.7,6.426853,101.823388,Air4Thai,Unknown Governmental Organization
225639,"City Hall, Narathiwat",1304162,2026-08-26 07:00:00+00:00,16.0,6.426853,101.823388,Air4Thai,Unknown Governmental Organization
225639,"City Hall, Narathiwat",1304162,2026-08-26 08:00:00+00:00,15.7,6.426853,101.823388,Air4Thai,Unknown Governmental Organization
225639,"City Hall, Narathiwat",1304162,2026-08-26 09:00:00+00:00,15.5,6.426853,101.823388,Air4Thai,Unknown Governmental Organization
225639,"City Hall, Narathiwat",1304162,2026-08-26 10:00:00+00:00,15.2,6.426853,101.823388,Air4Thai,Unknown Governmental Organization
225639,"City Hall, Narathiwat",1304162,2026-08-26 15:00:00+00:00,14.2,6.426853,101.823388,Air4Thai,Unknown Governmental Organization
225640,Library under King Taksin Bridge,1304353,2026-08-26 05:00:00+00:00,9.5,13.719705,100.508782,Air4Thai,Unknown Governmental Organization
225640,Library under King Taksin Bridge,1304353,2026-08-26 06:00:00+00:00,9.4,13.719705,100.508782,Air4Thai,Unknown Governmental Organization
225640,Library under King Taksin Bridge,1304353,2026-08-26 07:00:00+00:00,9.2,13.719705,100.508782,Air4Thai,Unknown Governmental Organization
225640,Library under King Taksin Bridge,1304353,2026-08-26 08:00:00+00:00,9.1,13.719705,100.508782,Air4Thai,Unknown Governmental Organization
225640,Library under King Taksin Bridge,1304353,2026-08-26 09:00:00+00:00,9.1,13.719705,100.508782,Air4Thai,Unknown Governmental Organization
225640,Library under King Taksin Bridge,1304353,2026-08-26 10:00:00+00:00,8.9,13.719705,100.508782,Air4Thai,Unknown Governmental Organization
225640,Library under King Taksin Bridge,1304353,2026-08-26 11:00:00+00:00,8.7,13.719705,100.508782,Air4Thai,Unknown Governmental Organization
225640,Library under King Taksin Bridge,1304353,2026-08-26 12:00:00+00:00,8.4,13.719705,100.508782,Air4Thai,Unknown Governmental Organization
225640,Library under King Taksin Bridge,1304353,2026-08-26 13:00:00+00:00,8.5,13.719705,100.508782,Air4Thai,Unknown Governmental Organization
225640,Library under King Taksin Bridge,1304353,2026-08-26 14:00:00+00:00,8.1,13.719705,100.508782,Air4Thai,Unknown Governmental Organization
225640,Library under King Taksin Bridge,1304353,2026-08-26 15:00:00+00:00,7.9,13.719705,100.508782,Air4Thai,Unknown Governmental Organization
225640,Library under King Taksin Bridge,1304353,2026-08-26 16:00:00+00:00,7.9,13.719705,100.508782,Air4Thai,Unknown Governmental Organization
225641,"Din Dang, Bangkok",1304357,2026-08-26 05:00:00+00:00,11.8,13.7619223,100.558606,Air4Thai,Unknown Governmental Organization
225641,"Din Dang, Bangkok",1304357,2026-08-26 06:00:00+00:00,11.6,13.7619223,100.558606,Air4Thai,Unknown Governmental Organization
225641,"Din Dang, Bangkok",1304357,2026-08-26 07:00:00+00:00,11.4,13.7619223,100.558606,Air4Thai,Unknown Governmental Organization
225641,"Din Dang, Bangkok",1304357,2026-08-26 08:00:00+00:00,11.3,13.7619223,100.558606,Air4Thai,Unknown Governmental Organization
225641,"Din Dang, Bangkok",1304357,2026-08-26 09:00:00+00:00,11.3,13.7619223,100.558606,Air4Thai,Unknown Governmental Organization
225641,"Din Dang, Bangkok",1304357,2026-08-26 10:00:00+00:00,11.0,13.7619223,100.558606,Air4Thai,Unknown Governmental Organization
225641,"Din Dang, Bangkok",1304357,2026-08-26 11:00:00+00:00,10.5,13.7619223,100.558606,Air4Thai,Unknown Governmental Organization
225641,"Din Dang, Bangkok",1304357,2026-08-26 12:00:00+00:00,10.3,13.7619223,100.558606,Air4Thai,Unknown Governmental Organization
225641,"Din Dang, Bangkok",1304357,2026-08-26 13:00:00+00:00,10.2,13.7619223,100.558606,Air4Thai,Unknown Governmental Organization
225641,"Din Dang, Bangkok",1304357,2026-08-26 14:00:00+00:00,9.9,13.7619223,100.558606,Air4Thai,Unknown Governmental Organization
225641,"Din Dang, Bangkok",1304357,2026-08-26 15:00:00+00:00,9.5,13.7619223,100.558606,Air4Thai,Unknown Governmental Organization
225641,"Din Dang, Bangkok",1304357,2026-08-26 16:00:00+00:00,9.5,13.7619223,100.558606,Air4Thai,Unknown Governmental Organization
225643,Bangkok University Rangsit Campus,1304380,2026-08-26 05:00:00+00:00,15.8,14.03742,100.605216,Air4Thai,Unknown Governmental Organization
225643,Bangkok University Rangsit Campus,1304380,2026-08-26 06:00:00+00:00,15.5,14.03742,100.605216,Air4Thai,Unknown Governmental Organization
225643,Bangkok University Rangsit Campus,1304380,2026-08-26 07:00:00+00:00,15.4,14.03742,100.605216,Air4Thai,Unknown Governmental Organization
225643,Bangkok University Rangsit Campus,1304380,2026-08-26 08:00:00+00:00,15.4,14.03742,100.605216,Air4Thai,Unknown Governmental Organization
225643,Bangkok University Rangsit Campus,1304380,2026-08-26 09:00:00+00:00,15.3,14.03742,100.605216,Air4Thai,Unknown Governmental Organization
225643,Bangkok University Rangsit Campus,1304380,2026-08-26 10:00:00+00:00,15.4,14.03742,100.605216,Air4Thai,Unknown Governmental Organization
225643,Bangkok University Rangsit Campus,1304380,2026-08-26 11:00:00+00:00,15.8,14.03742,100.605216,Air4Thai,Unknown Governmental Organization
225643,Bangkok University Rangsit Campus,1304380,2026-08-26 12:00:00+00:00,15.7,14.03742,100.605216,Air4Thai,Unknown Governmental Organization
225643,Bangkok University Rangsit Campus,1304380,2026-08-26 13:00:00+00:00,15.3,14.03742,100.605216,Air4Thai,Unknown Governmental Organization
225643,Bangkok University Rangsit Campus,1304380,2026-08-26 14:00:00+00:00,15.3,14.03742,100.605216,Air4Thai,Unknown Governmental Organization
225643,Bangkok University Rangsit Campus,1304380,2026-08-26 15:00:00+00:00,15.4,14.03742,100.605216,Air4Thai,Unknown Governmental Organization
225643,Bangkok University Rangsit Campus,1304380,2026-08-26 16:00:00+00:00,15.4,14.03742,100.605216,Air4Thai,Unknown Governmental Organization
225644,Suphan Buri Provincial Central Stadium,1304240,2026-08-26 05:00:00+00:00,11.1,14.476214,100.086095,Air4Thai,Unknown Governmental Organization
225644,Suphan Buri Provincial Central Stadium,1304240,2026-08-26 06:00:00+00:00,11.0,14.476214,100.086095,Air4Thai,Unknown Governmental Organization
225644,Suphan Buri Provincial Central Stadium,1304240,2026-08-26 07:00:00+00:00,10.7,14.476214,100.086095,Air4Thai,Unknown Governmental Organization
225644,Suphan Buri Provincial Central Stadium,1304240,2026-08-26 08:00:00+00:00,10.2,14.476214,100.086095,Air4Thai,Unknown Governmental Organization
225644,Suphan Buri Provincial Central Stadium,1304240,2026-08-26 09:00:00+00:00,9.9,14.476214,100.086095,Air4Thai,Unknown Governmental Organization
225644,Suphan Buri Provincial Central Stadium,1304240,2026-08-26 10:00:00+00:00,9.7,14.476214,100.086095,Air4Thai,Unknown Governmental Organization
225644,Suphan Buri Provincial Central Stadium,1304240,2026-08-26 11:00:00+00:00,9.9,14.476214,100.086095,Air4Thai,Unknown Governmental Organization
225644,Suphan Buri Provincial Central Stadium,1304240,2026-08-26 12:00:00+00:00,10.1,14.476214,100.086095,Air4Thai,Unknown Governmental Organization
225644,Suphan Buri Provincial Central Stadium,1304240,2026-08-26 13:00:00+00:00,9.9,14.476214,100.086095,Air4Thai,Unknown Governmental Organization
225644,Suphan Buri Provincial Central Stadium,1304240,2026-08-26 14:00:00+00:00,9.4,14.476214,100.086095,Air4Thai,Unknown Governmental Organization
225644,Suphan Buri Provincial Central Stadium,1304240,2026-08-26 15:00:00+00:00,8.9,14.476214,100.086095,Air4Thai,Unknown Governmental Organization
225644,Suphan Buri Provincial Central Stadium,1304240,2026-08-26 16:00:00+00:00,8.4,14.476214,100.086095,Air4Thai,Unknown Governmental Organization
225645,National Housing Authority Bangplee,1304420,2026-08-26 05:00:00+00:00,15.1,13.5705,100.7862867,Air4Thai,Unknown Governmental Organization
225645,National Housing Authority Bangplee,1304420,2026-08-26 07:00:00+00:00,13.5,13.5705,100.7862867,Air4Thai,Unknown Governmental Organization
225645,National Housing Authority Bangplee,1304420,2026-08-26 09:00:00+00:00,13.1,13.5705,100.7862867,Air4Thai,Unknown Governmental Organization
225645,National Housing Authority Bangplee,1304420,2026-08-26 10:00:00+00:00,12.6,13.5705,100.7862867,Air4Thai,Unknown Governmental Organization
225645,National Housing Authority Bangplee,1304420,2026-08-26 11:00:00+00:00,12.3,13.5705,100.7862867,Air4Thai,Unknown Governmental Organization
225645,National Housing Authority Bangplee,1304420,2026-08-26 12:00:00+00:00,11.9,13.5705,100.7862867,Air4Thai,Unknown Governmental Organization
225645,National Housing Authority Bangplee,1304420,2026-08-26 13:00:00+00:00,11.3,13.5705,100.7862867,Air4Thai,Unknown Governmental Organization
225645,National Housing Authority Bangplee,1304420,2026-08-26 14:00:00+00:00,11.0,13.5705,100.7862867,Air4Thai,Unknown Governmental Organization
225645,National Housing Authority Bangplee,1304420,2026-08-26 15:00:00+00:00,10.2,13.5705,100.7862867,Air4Thai,Unknown Governmental Organization
225645,National Housing Authority Bangplee,1304420,2026-08-26 16:00:00+00:00,9.5,13.5705,100.7862867,Air4Thai,Unknown Governmental Organization
225646,Provincial Waterworks Authority Mae Moh,1304316,2026-08-26 05:00:00+00:00,10.9,18.2826333,99.6598166,Air4Thai,Unknown Governmental Organization
225646,Provincial Waterworks Authority Mae Moh,1304316,2026-08-26 06:00:00+00:00,10.7,18.2826333,99.6598166,Air4Thai,Unknown Governmental Organization
225646,Provincial Waterworks Authority Mae Moh,1304316,2026-08-26 07:00:00+00:00,10.6,18.2826333,99.6598166,Air4Thai,Unknown Governmental Organization
225646,Provincial Waterworks Authority Mae Moh,1304316,2026-08-26 08:00:00+00:00,10.5,18.2826333,99.6598166,Air4Thai,Unknown Governmental Organization
225646,Provincial Waterworks Authority Mae Moh,1304316,2026-08-26 09:00:00+00:00,10.5,18.2826333,99.6598166,Air4Thai,Unknown Governmental Organization
225646,Provincial Waterworks Authority Mae Moh,1304316,2026-08-26 10:00:00+00:00,10.5,18.2826333,99.6598166,Air4Thai,Unknown Governmental Organization
225646,Provincial Waterworks Authority Mae Moh,1304316,2026-08-26 11:00:00+00:00,10.3,18.2826333,99.6598166,Air4Thai,Unknown Governmental Organization
225646,Provincial Waterworks Authority Mae Moh,1304316,2026-08-26 12:00:00+00:00,10.4,18.2826333,99.6598166,Air4Thai,Unknown Governmental Organization
225646,Provincial Waterworks Authority Mae Moh,1304316,2026-08-26 13:00:00+00:00,10.4,18.2826333,99.6598166,Air4Thai,Unknown Governmental Organization
225646,Provincial Waterworks Authority Mae Moh,1304316,2026-08-26 14:00:00+00:00,10.2,18.2826333,99.6598166,Air4Thai,Unknown Governmental Organization
225646,Provincial Waterworks Authority Mae Moh,1304316,2026-08-26 15:00:00+00:00,10.2,18.2826333,99.6598166,Air4Thai,Unknown Governmental Organization
225646,Provincial Waterworks Authority Mae Moh,1304316,2026-08-26 16:00:00+00:00,9.8,18.2826333,99.6598166,Air4Thai,Unknown Governmental Organization
225647,"Phra Nakhon District Office, Bangkok",1304340,2026-08-26 05:00:00+00:00,12.0,13.76415,100.499077,Air4Thai,Unknown Governmental Organization
225647,"Phra Nakhon District Office, Bangkok",1304340,2026-08-26 06:00:00+00:00,11.7,13.76415,100.499077,Air4Thai,Unknown Governmental Organization
225647,"Phra Nakhon District Office, Bangkok",1304340,2026-08-26 07:00:00+00:00,11.4,13.76415,100.499077,Air4Thai,Unknown Governmental Organization
225647,"Phra Nakhon District Office, Bangkok",1304340,2026-08-26 08:00:00+00:00,11.6,13.76415,100.499077,Air4Thai,Unknown Governmental Organization
225647,"Phra Nakhon District Office, Bangkok",1304340,2026-08-26 09:00:00+00:00,11.7,13.76415,100.499077,Air4Thai,Unknown Governmental Organization
225647,"Phra Nakhon District Office, Bangkok",1304340,2026-08-26 10:00:00+00:00,11.6,13.76415,100.499077,Air4Thai,Unknown Governmental Organization
225647,"Phra Nakhon District Office, Bangkok",1304340,2026-08-26 11:00:00+00:00,11.7,13.76415,100.499077,Air4Thai,Unknown Governmental Organization
225647,"Phra Nakhon District Office, Bangkok",1304340,2026-08-26 12:00:00+00:00,11.9,13.76415,100.499077,Air4Thai,Unknown Governmental Organization
225647,"Phra Nakhon District Office, Bangkok",1304340,2026-08-26 13:00:00+00:00,12.2,13.76415,100.499077,Air4Thai,Unknown Governmental Organization
225647,"Phra Nakhon District Office, Bangkok",1304340,2026-08-26 14:00:00+00:00,12.5,13.76415,100.499077,Air4Thai,Unknown Governmental Organization
225647,"Phra Nakhon District Office, Bangkok",1304340,2026-08-26 15:00:00+00:00,12.6,13.76415,100.499077,Air4Thai,Unknown Governmental Organization
225647,"Phra Nakhon District Office, Bangkok",1304340,2026-08-26 16:00:00+00:00,12.7,13.76415,100.499077,Air4Thai,Unknown Governmental Organization
225648,"Natural Resources and Environment Office, Mae Hongson",1304178,2026-08-26 05:00:00+00:00,7.6,19.30455,97.97165,Air4Thai,Unknown Governmental Organization
225648,"Natural Resources and Environment Office, Mae Hongson",1304178,2026-08-26 06:00:00+00:00,7.5,19.30455,97.97165,Air4Thai,Unknown Governmental Organization
225648,"Natural Resources and Environment Office, Mae Hongson",1304178,2026-08-26 07:00:00+00:00,7.2,19.30455,97.97165,Air4Thai,Unknown Governmental Organization
225648,"Natural Resources and Environment Office, Mae Hongson",1304178,2026-08-26 08:00:00+00:00,7.1,19.30455,97.97165,Air4Thai,Unknown Governmental Organization
225648,"Natural Resources and Environment Office, Mae Hongson",1304178,2026-08-26 09:00:00+00:00,7.1,19.30455,97.97165,Air4Thai,Unknown Governmental Organization
225648,"Natural Resources and Environment Office, Mae Hongson",1304178,2026-08-26 10:00:00+00:00,7.0,19.30455,97.97165,Air4Thai,Unknown Governmental Organization
225648,"Natural Resources and Environment Office, Mae Hongson",1304178,2026-08-26 11:00:00+00:00,7.0,19.30455,97.97165,Air4Thai,Unknown Governmental Organization
225648,"Natural Resources and Environment Office, Mae Hongson",1304178,2026-08-26 12:00:00+00:00,6.9,19.30455,97.97165,Air4Thai,Unknown Governmental Organization
225648,"Natural Resources and Environment Office, Mae Hongson",1304178,2026-08-26 13:00:00+00:00,6.7,19.30455,97.97165,Air4Thai,Unknown Governmental Organization
225648,"Natural Resources and Environment Office, Mae Hongson",1304178,2026-08-26 14:00:00+00:00,6.6,19.30455,97.97165,Air4Thai,Unknown Governmental Organization
225648,"Natural Resources and Environment Office, Mae Hongson",1304178,2026-08-26 15:00:00+00:00,6.3,19.30455,97.97165,Air4Thai,Unknown Governmental Organization
225648,"Natural Resources and Environment Office, Mae Hongson",1304178,2026-08-26 16:00:00+00:00,6.4,19.30455,97.97165,Air4Thai,Unknown Governmental Organization
225649,"OTOP Center, Ubon Ratchathani",1304375,2026-08-26 05:00:00+00:00,11.4,15.245413,104.846219,Air4Thai,Unknown Governmental Organization
225649,"OTOP Center, Ubon Ratchathani",1304375,2026-08-26 06:00:00+00:00,11.3,15.245413,104.846219,Air4Thai,Unknown Governmental Organization
225649,"OTOP Center, Ubon Ratchathani",1304375,2026-08-26 07:00:00+00:00,11.0,15.245413,104.846219,Air4Thai,Unknown Governmental Organization
225649,"OTOP Center, Ubon Ratchathani",1304375,2026-08-26 08:00:00+00:00,10.8,15.245413,104.846219,Air4Thai,Unknown Governmental Organization
225649,"OTOP Center, Ubon Ratchathani",1304375,2026-08-26 09:00:00+00:00,10.6,15.245413,104.846219,Air4Thai,Unknown Governmental Organization
225649,"OTOP Center, Ubon Ratchathani",1304375,2026-08-26 10:00:00+00:00,10.4,15.245413,104.846219,Air4Thai,Unknown Governmental Organization
225649,"OTOP Center, Ubon Ratchathani",1304375,2026-08-26 11:00:00+00:00,10.2,15.245413,104.846219,Air4Thai,Unknown Governmental Organization
225649,"OTOP Center, Ubon Ratchathani",1304375,2026-08-26 12:00:00+00:00,10.0,15.245413,104.846219,Air4Thai,Unknown Governmental Organization
225649,"OTOP Center, Ubon Ratchathani",1304375,2026-08-26 13:00:00+00:00,9.7,15.245413,104.846219,Air4Thai,Unknown Governmental Organization
225649,"OTOP Center, Ubon Ratchathani",1304375,2026-08-26 14:00:00+00:00,9.3,15.245413,104.846219,Air4Thai,Unknown Governmental Organization
225649,"OTOP Center, Ubon Ratchathani",1304375,2026-08-26 15:00:00+00:00,8.8,15.245413,104.846219,Air4Thai,Unknown Governmental Organization
225649,"OTOP Center, Ubon Ratchathani",1304375,2026-08-26 16:00:00+00:00,8.3,15.245413,104.846219,Air4Thai,Unknown Governmental Organization
225650,The Government Public Relations Department,1304152,2026-08-26 05:00:00+00:00,9.5,13.783185,100.540489,Air4Thai,Unknown Governmental Organization
225650,The Government Public Relations Department,1304152,2026-08-26 06:00:00+00:00,9.4,13.783185,100.540489,Air4Thai,Unknown Governmental Organization
225650,The Government Public Relations Department,1304152,2026-08-26 07:00:00+00:00,9.2,13.783185,100.540489,Air4Thai,Unknown Governmental Organization
225650,The Government Public Relations Department,1304152,2026-08-26 08:00:00+00:00,9.2,13.783185,100.540489,Air4Thai,Unknown Governmental Organization
225650,The Government Public Relations Department,1304152,2026-08-26 09:00:00+00:00,9.3,13.783185,100.540489,Air4Thai,Unknown Governmental Organization
225650,The Government Public Relations Department,1304152,2026-08-26 10:00:00+00:00,9.2,13.783185,100.540489,Air4Thai,Unknown Governmental Organization
225650,The Government Public Relations Department,1304152,2026-08-26 11:00:00+00:00,8.9,13.783185,100.540489,Air4Thai,Unknown Governmental Organization
225650,The Government Public Relations Department,1304152,2026-08-26 12:00:00+00:00,8.7,13.783185,100.540489,Air4Thai,Unknown Governmental Organization
225650,The Government Public Relations Department,1304152,2026-08-26 13:00:00+00:00,8.4,13.783185,100.540489,Air4Thai,Unknown Governmental Organization
225650,The Government Public Relations Department,1304152,2026-08-26 14:00:00+00:00,8.4,13.783185,100.540489,Air4Thai,Unknown Governmental Organization
225650,The Government Public Relations Department,1304152,2026-08-26 15:00:00+00:00,8.2,13.783185,100.540489,Air4Thai,Unknown Governmental Organization
225650,The Government Public Relations Department,1304152,2026-08-26 16:00:00+00:00,8.8,13.783185,100.540489,Air4Thai,Unknown Governmental Organization
225651,"Saphan Sung District Office, Bangkok",1304179,2026-08-26 05:00:00+00:00,9.0,13.768892,100.685743,Air4Thai,Unknown Governmental Organization
225651,"Saphan Sung District Office, Bangkok",1304179,2026-08-26 06:00:00+00:00,8.9,13.768892,100.685743,Air4Thai,Unknown Governmental Organization
225651,"Saphan Sung District Office, Bangkok",1304179,2026-08-26 07:00:00+00:00,8.9,13.768892,100.685743,Air4Thai,Unknown Governmental Organization
225651,"Saphan Sung District Office, Bangkok",1304179,2026-08-26 08:00:00+00:00,8.7,13.768892,100.685743,Air4Thai,Unknown Governmental Organization
225651,"Saphan Sung District Office, Bangkok",1304179,2026-08-26 09:00:00+00:00,8.7,13.768892,100.685743,Air4Thai,Unknown Governmental Organization
225651,"Saphan Sung District Office, Bangkok",1304179,2026-08-26 10:00:00+00:00,8.7,13.768892,100.685743,Air4Thai,Unknown Governmental Organization
225651,"Saphan Sung District Office, Bangkok",1304179,2026-08-26 11:00:00+00:00,8.3,13.768892,100.685743,Air4Thai,Unknown Governmental Organization
225651,"Saphan Sung District Office, Bangkok",1304179,2026-08-26 12:00:00+00:00,8.1,13.768892,100.685743,Air4Thai,Unknown Governmental Organization
225651,"Saphan Sung District Office, Bangkok",1304179,2026-08-26 13:00:00+00:00,8.2,13.768892,100.685743,Air4Thai,Unknown Governmental Organization
225651,"Saphan Sung District Office, Bangkok",1304179,2026-08-26 14:00:00+00:00,8.0,13.768892,100.685743,Air4Thai,Unknown Governmental Organization
225651,"Saphan Sung District Office, Bangkok",1304179,2026-08-26 15:00:00+00:00,7.9,13.768892,100.685743,Air4Thai,Unknown Governmental Organization
225651,"Saphan Sung District Office, Bangkok",1304179,2026-08-26 16:00:00+00:00,7.9,13.768892,100.685743,Air4Thai,Unknown Governmental Organization
225653,Chokchai Police Station,1304128,2026-08-26 05:00:00+00:00,12.5,13.7954248,100.5930298,Air4Thai,Unknown Governmental Organization
225653,Chokchai Police Station,1304128,2026-08-26 06:00:00+00:00,12.5,13.7954248,100.5930298,Air4Thai,Unknown Governmental Organization
225653,Chokchai Police Station,1304128,2026-08-26 07:00:00+00:00,12.3,13.7954248,100.5930298,Air4Thai,Unknown Governmental Organization
225653,Chokchai Police Station,1304128,2026-08-26 08:00:00+00:00,12.3,13.7954248,100.5930298,Air4Thai,Unknown Governmental Organization
225653,Chokchai Police Station,1304128,2026-08-26 09:00:00+00:00,12.3,13.7954248,100.5930298,Air4Thai,Unknown Governmental Organization
225653,Chokchai Police Station,1304128,2026-08-26 10:00:00+00:00,12.1,13.7954248,100.5930298,Air4Thai,Unknown Governmental Organization
225653,Chokchai Police Station,1304128,2026-08-26 11:00:00+00:00,11.9,13.7954248,100.5930298,Air4Thai,Unknown Governmental Organization
225653,Chokchai Police Station,1304128,2026-08-26 12:00:00+00:00,11.6,13.7954248,100.5930298,Air4Thai,Unknown Governmental Organization
225653,Chokchai Police Station,1304128,2026-08-26 13:00:00+00:00,11.3,13.7954248,100.5930298,Air4Thai,Unknown Governmental Organization
225653,Chokchai Police Station,1304128,2026-08-26 14:00:00+00:00,11.1,13.7954248,100.5930298,Air4Thai,Unknown Governmental Organization
225653,Chokchai Police Station,1304128,2026-08-26 15:00:00+00:00,10.9,13.7954248,100.5930298,Air4Thai,Unknown Governmental Organization
225653,Chokchai Police Station,1304128,2026-08-26 16:00:00+00:00,11.3,13.7954248,100.5930298,Air4Thai,Unknown Governmental Organization
225654,"Environment Agency Section 13, Chonburi",1304209,2026-08-26 05:00:00+00:00,13.3,13.35461667,100.9792167,Air4Thai,Unknown Governmental Organization
225654,"Environment Agency Section 13, Chonburi",1304209,2026-08-26 06:00:00+00:00,13.2,13.35461667,100.9792167,Air4Thai,Unknown Governmental Organization
225654,"Environment Agency Section 13, Chonburi",1304209,2026-08-26 07:00:00+00:00,13.1,13.35461667,100.9792167,Air4Thai,Unknown Governmental Organization
225654,"Environment Agency Section 13, Chonburi",1304209,2026-08-26 08:00:00+00:00,12.8,13.35461667,100.9792167,Air4Thai,Unknown Governmental Organization
225654,"Environment Agency Section 13, Chonburi",1304209,2026-08-26 09:00:00+00:00,12.4,13.35461667,100.9792167,Air4Thai,Unknown Governmental Organization
225654,"Environment Agency Section 13, Chonburi",1304209,2026-08-26 10:00:00+00:00,12.2,13.35461667,100.9792167,Air4Thai,Unknown Governmental Organization
225654,"Environment Agency Section 13, Chonburi",1304209,2026-08-26 11:00:00+00:00,12.1,13.35461667,100.9792167,Air4Thai,Unknown Governmental Organization
225654,"Environment Agency Section 13, Chonburi",1304209,2026-08-26 12:00:00+00:00,11.7,13.35461667,100.9792167,Air4Thai,Unknown Governmental Organization
225654,"Environment Agency Section 13, Chonburi",1304209,2026-08-26 13:00:00+00:00,11.2,13.35461667,100.9792167,Air4Thai,Unknown Governmental Organization
225654,"Environment Agency Section 13, Chonburi",1304209,2026-08-26 14:00:00+00:00,10.2,13.35461667,100.9792167,Air4Thai,Unknown Governmental Organization
225654,"Environment Agency Section 13, Chonburi",1304209,2026-08-26 15:00:00+00:00,9.5,13.35461667,100.9792167,Air4Thai,Unknown Governmental Organization
225654,"Environment Agency Section 13, Chonburi",1304209,2026-08-26 16:00:00+00:00,8.9,13.35461667,100.9792167,Air4Thai,Unknown Governmental Organization
225655,"Meteorological Staions, Lamphun",1304245,2026-08-26 05:00:00+00:00,11.5,18.567194,99.038639,Air4Thai,Unknown Governmental Organization
225655,"Meteorological Staions, Lamphun",1304245,2026-08-26 06:00:00+00:00,11.4,18.567194,99.038639,Air4Thai,Unknown Governmental Organization
225655,"Meteorological Staions, Lamphun",1304245,2026-08-26 07:00:00+00:00,11.3,18.567194,99.038639,Air4Thai,Unknown Governmental Organization
225655,"Meteorological Staions, Lamphun",1304245,2026-08-26 08:00:00+00:00,11.2,18.567194,99.038639,Air4Thai,Unknown Governmental Organization
225655,"Meteorological Staions, Lamphun",1304245,2026-08-26 09:00:00+00:00,11.1,18.567194,99.038639,Air4Thai,Unknown Governmental Organization
225655,"Meteorological Staions, Lamphun",1304245,2026-08-26 10:00:00+00:00,11.0,18.567194,99.038639,Air4Thai,Unknown Governmental Organization
225655,"Meteorological Staions, Lamphun",1304245,2026-08-26 11:00:00+00:00,10.7,18.567194,99.038639,Air4Thai,Unknown Governmental Organization
225655,"Meteorological Staions, Lamphun",1304245,2026-08-26 12:00:00+00:00,10.7,18.567194,99.038639,Air4Thai,Unknown Governmental Organization
225655,"Meteorological Staions, Lamphun",1304245,2026-08-26 13:00:00+00:00,10.5,18.567194,99.038639,Air4Thai,Unknown Governmental Organization
225655,"Meteorological Staions, Lamphun",1304245,2026-08-26 14:00:00+00:00,10.5,18.567194,99.038639,Air4Thai,Unknown Governmental Organization
225655,"Meteorological Staions, Lamphun",1304245,2026-08-26 15:00:00+00:00,10.5,18.567194,99.038639,Air4Thai,Unknown Governmental Organization
225655,"Meteorological Staions, Lamphun",1304245,2026-08-26 16:00:00+00:00,10.5,18.567194,99.038639,Air4Thai,Unknown Governmental Organization
225656,"Bang Sue District Office, Bangkok",1304256,2026-08-26 05:00:00+00:00,13.3,13.809596,100.537883,Air4Thai,Unknown Governmental Organization
225656,"Bang Sue District Office, Bangkok",1304256,2026-08-26 06:00:00+00:00,13.0,13.809596,100.537883,Air4Thai,Unknown Governmental Organization
225656,"Bang Sue District Office, Bangkok",1304256,2026-08-26 07:00:00+00:00,12.8,13.809596,100.537883,Air4Thai,Unknown Governmental Organization
225656,"Bang Sue District Office, Bangkok",1304256,2026-08-26 08:00:00+00:00,12.7,13.809596,100.537883,Air4Thai,Unknown Governmental Organization
225656,"Bang Sue District Office, Bangkok",1304256,2026-08-26 09:00:00+00:00,12.5,13.809596,100.537883,Air4Thai,Unknown Governmental Organization
225656,"Bang Sue District Office, Bangkok",1304256,2026-08-26 10:00:00+00:00,12.2,13.809596,100.537883,Air4Thai,Unknown Governmental Organization
225656,"Bang Sue District Office, Bangkok",1304256,2026-08-26 11:00:00+00:00,11.9,13.809596,100.537883,Air4Thai,Unknown Governmental Organization
225656,"Bang Sue District Office, Bangkok",1304256,2026-08-26 12:00:00+00:00,11.7,13.809596,100.537883,Air4Thai,Unknown Governmental Organization
225656,"Bang Sue District Office, Bangkok",1304256,2026-08-26 13:00:00+00:00,11.7,13.809596,100.537883,Air4Thai,Unknown Governmental Organization
225656,"Bang Sue District Office, Bangkok",1304256,2026-08-26 14:00:00+00:00,11.6,13.809596,100.537883,Air4Thai,Unknown Governmental Organization
225656,"Bang Sue District Office, Bangkok",1304256,2026-08-26 15:00:00+00:00,11.4,13.809596,100.537883,Air4Thai,Unknown Governmental Organization
225656,"Bang Sue District Office, Bangkok",1304256,2026-08-26 16:00:00+00:00,11.4,13.809596,100.537883,Air4Thai,Unknown Governmental Organization
225657,"child development centers, Betong",1304088,2026-08-26 05:00:00+00:00,16.0,5.763873,101.067903,Air4Thai,Unknown Governmental Organization
225657,"child development centers, Betong",1304088,2026-08-26 06:00:00+00:00,16.2,5.763873,101.067903,Air4Thai,Unknown Governmental Organization
225657,"child development centers, Betong",1304088,2026-08-26 07:00:00+00:00,15.3,5.763873,101.067903,Air4Thai,Unknown Governmental Organization
225657,"child development centers, Betong",1304088,2026-08-26 08:00:00+00:00,15.0,5.763873,101.067903,Air4Thai,Unknown Governmental Organization
225657,"child development centers, Betong",1304088,2026-08-26 09:00:00+00:00,14.7,5.763873,101.067903,Air4Thai,Unknown Governmental Organization
225657,"child development centers, Betong",1304088,2026-08-26 10:00:00+00:00,14.4,5.763873,101.067903,Air4Thai,Unknown Governmental Organization
225657,"child development centers, Betong",1304088,2026-08-26 11:00:00+00:00,14.3,5.763873,101.067903,Air4Thai,Unknown Governmental Organization
225657,"child development centers, Betong",1304088,2026-08-26 12:00:00+00:00,13.8,5.763873,101.067903,Air4Thai,Unknown Governmental Organization
225657,"child development centers, Betong",1304088,2026-08-26 13:00:00+00:00,13.9,5.763873,101.067903,Air4Thai,Unknown Governmental Organization
225657,"child development centers, Betong",1304088,2026-08-26 14:00:00+00:00,14.1,5.763873,101.067903,Air4Thai,Unknown Governmental Organization
225657,"child development centers, Betong",1304088,2026-08-26 15:00:00+00:00,13.4,5.763873,101.067903,Air4Thai,Unknown Governmental Organization
225657,"child development centers, Betong",1304088,2026-08-26 16:00:00+00:00,13.3,5.763873,101.067903,Air4Thai,Unknown Governmental Organization
225660,"Chaloem Phrakiat Rama 9 Park Min buri, Bangkok",1304438,2026-08-26 05:00:00+00:00,11.8,13.813578,100.73208,Air4Thai,Unknown Governmental Organization
225660,"Chaloem Phrakiat Rama 9 Park Min buri, Bangkok",1304438,2026-08-26 06:00:00+00:00,11.8,13.813578,100.73208,Air4Thai,Unknown Governmental Organization
225660,"Chaloem Phrakiat Rama 9 Park Min buri, Bangkok",1304438,2026-08-26 07:00:00+00:00,11.9,13.813578,100.73208,Air4Thai,Unknown Governmental Organization
225660,"Chaloem Phrakiat Rama 9 Park Min buri, Bangkok",1304438,2026-08-26 08:00:00+00:00,12.1,13.813578,100.73208,Air4Thai,Unknown Governmental Organization
225660,"Chaloem Phrakiat Rama 9 Park Min buri, Bangkok",1304438,2026-08-26 09:00:00+00:00,12.5,13.813578,100.73208,Air4Thai,Unknown Governmental Organization
225660,"Chaloem Phrakiat Rama 9 Park Min buri, Bangkok",1304438,2026-08-26 10:00:00+00:00,12.8,13.813578,100.73208,Air4Thai,Unknown Governmental Organization
225660,"Chaloem Phrakiat Rama 9 Park Min buri, Bangkok",1304438,2026-08-26 11:00:00+00:00,12.6,13.813578,100.73208,Air4Thai,Unknown Governmental Organization
225660,"Chaloem Phrakiat Rama 9 Park Min buri, Bangkok",1304438,2026-08-26 12:00:00+00:00,12.9,13.813578,100.73208,Air4Thai,Unknown Governmental Organization
225660,"Chaloem Phrakiat Rama 9 Park Min buri, Bangkok",1304438,2026-08-26 13:00:00+00:00,13.2,13.813578,100.73208,Air4Thai,Unknown Governmental Organization
225660,"Chaloem Phrakiat Rama 9 Park Min buri, Bangkok",1304438,2026-08-26 14:00:00+00:00,13.6,13.813578,100.73208,Air4Thai,Unknown Governmental Organization
225660,"Chaloem Phrakiat Rama 9 Park Min buri, Bangkok",1304438,2026-08-26 15:00:00+00:00,13.6,13.813578,100.73208,Air4Thai,Unknown Governmental Organization
225660,"Chaloem Phrakiat Rama 9 Park Min buri, Bangkok",1304438,2026-08-26 16:00:00+00:00,13.6,13.813578,100.73208,Air4Thai,Unknown Governmental Organization
225661,"Nong Thin Public Park, Nong Khai",1304186,2026-08-26 05:00:00+00:00,14.2,17.877479999999995,102.728925,Air4Thai,Unknown Governmental Organization
225661,"Nong Thin Public Park, Nong Khai",1304186,2026-08-26 06:00:00+00:00,14.1,17.877479999999995,102.728925,Air4Thai,Unknown Governmental Organization
225661,"Nong Thin Public Park, Nong Khai",1304186,2026-08-26 07:00:00+00:00,14.0,17.877479999999995,102.728925,Air4Thai,Unknown Governmental Organization
225661,"Nong Thin Public Park, Nong Khai",1304186,2026-08-26 08:00:00+00:00,13.9,17.877479999999995,102.728925,Air4Thai,Unknown Governmental Organization
225661,"Nong Thin Public Park, Nong Khai",1304186,2026-08-26 09:00:00+00:00,13.7,17.877479999999995,102.728925,Air4Thai,Unknown Governmental Organization
225661,"Nong Thin Public Park, Nong Khai",1304186,2026-08-26 10:00:00+00:00,13.6,17.877479999999995,102.728925,Air4Thai,Unknown Governmental Organization
225661,"Nong Thin Public Park, Nong Khai",1304186,2026-08-26 11:00:00+00:00,13.3,17.877479999999995,102.728925,Air4Thai,Unknown Governmental Organization
225661,"Nong Thin Public Park, Nong Khai",1304186,2026-08-26 12:00:00+00:00,13.1,17.877479999999995,102.728925,Air4Thai,Unknown Governmental Organization
225661,"Nong Thin Public Park, Nong Khai",1304186,2026-08-26 13:00:00+00:00,12.9,17.877479999999995,102.728925,Air4Thai,Unknown Governmental Organization
225661,"Nong Thin Public Park, Nong Khai",1304186,2026-08-26 14:00:00+00:00,12.9,17.877479999999995,102.728925,Air4Thai,Unknown Governmental Organization
225661,"Nong Thin Public Park, Nong Khai",1304186,2026-08-26 15:00:00+00:00,12.8,17.877479999999995,102.728925,Air4Thai,Unknown Governmental Organization
225661,"Nong Thin Public Park, Nong Khai",1304186,2026-08-26 16:00:00+00:00,12.8,17.877479999999995,102.728925,Air4Thai,Unknown Governmental Organization
225663,Buriram City Hall,1304140,2026-08-26 05:00:00+00:00,10.6,14.945452000000001,103.10589600000002,Air4Thai,Unknown Governmental Organization
225663,Buriram City Hall,1304140,2026-08-26 06:00:00+00:00,10.2,14.945452000000001,103.10589600000002,Air4Thai,Unknown Governmental Organization
225663,Buriram City Hall,1304140,2026-08-26 07:00:00+00:00,9.9,14.945452000000001,103.10589600000002,Air4Thai,Unknown Governmental Organization
225663,Buriram City Hall,1304140,2026-08-26 08:00:00+00:00,9.6,14.945452000000001,103.10589600000002,Air4Thai,Unknown Governmental Organization
225663,Buriram City Hall,1304140,2026-08-26 09:00:00+00:00,9.3,14.945452000000001,103.10589600000002,Air4Thai,Unknown Governmental Organization
225663,Buriram City Hall,1304140,2026-08-26 10:00:00+00:00,9.0,14.945452000000001,103.10589600000002,Air4Thai,Unknown Governmental Organization
225663,Buriram City Hall,1304140,2026-08-26 11:00:00+00:00,8.8,14.945452000000001,103.10589600000002,Air4Thai,Unknown Governmental Organization
225663,Buriram City Hall,1304140,2026-08-26 12:00:00+00:00,8.4,14.945452000000001,103.10589600000002,Air4Thai,Unknown Governmental Organization
225663,Buriram City Hall,1304140,2026-08-26 13:00:00+00:00,8.0,14.945452000000001,103.10589600000002,Air4Thai,Unknown Governmental Organization
225663,Buriram City Hall,1304140,2026-08-26 14:00:00+00:00,7.7,14.945452000000001,103.10589600000002,Air4Thai,Unknown Governmental Organization
225663,Buriram City Hall,1304140,2026-08-26 15:00:00+00:00,7.5,14.945452000000001,103.10589600000002,Air4Thai,Unknown Governmental Organization
225663,Buriram City Hall,1304140,2026-08-26 16:00:00+00:00,7.5,14.945452000000001,103.10589600000002,Air4Thai,Unknown Governmental Organization
225666,"Phayao Provincial, Phayao",1304315,2026-08-26 05:00:00+00:00,11.3,19.200226,99.893048,Air4Thai,Unknown Governmental Organization
225666,"Phayao Provincial, Phayao",1304315,2026-08-26 06:00:00+00:00,11.1,19.200226,99.893048,Air4Thai,Unknown Governmental Organization
225666,"Phayao Provincial, Phayao",1304315,2026-08-26 07:00:00+00:00,11.0,19.200226,99.893048,Air4Thai,Unknown Governmental Organization
225666,"Phayao Provincial, Phayao",1304315,2026-08-26 08:00:00+00:00,11.0,19.200226,99.893048,Air4Thai,Unknown Governmental Organization
225666,"Phayao Provincial, Phayao",1304315,2026-08-26 09:00:00+00:00,10.9,19.200226,99.893048,Air4Thai,Unknown Governmental Organization
225666,"Phayao Provincial, Phayao",1304315,2026-08-26 10:00:00+00:00,11.1,19.200226,99.893048,Air4Thai,Unknown Governmental Organization
225666,"Phayao Provincial, Phayao",1304315,2026-08-26 11:00:00+00:00,10.8,19.200226,99.893048,Air4Thai,Unknown Governmental Organization
225666,"Phayao Provincial, Phayao",1304315,2026-08-26 12:00:00+00:00,10.8,19.200226,99.893048,Air4Thai,Unknown Governmental Organization
225666,"Phayao Provincial, Phayao",1304315,2026-08-26 13:00:00+00:00,10.9,19.200226,99.893048,Air4Thai,Unknown Governmental Organization
225666,"Phayao Provincial, Phayao",1304315,2026-08-26 14:00:00+00:00,10.9,19.200226,99.893048,Air4Thai,Unknown Governmental Organization
225666,"Phayao Provincial, Phayao",1304315,2026-08-26 15:00:00+00:00,10.8,19.200226,99.893048,Air4Thai,Unknown Governmental Organization
225666,"Phayao Provincial, Phayao",1304315,2026-08-26 16:00:00+00:00,10.3,19.200226,99.893048,Air4Thai,Unknown Governmental Organization
225667,Mahaisawan Intersection,1304114,2026-08-26 05:00:00+00:00,13.5,13.70515,100.48465,Air4Thai,Unknown Governmental Organization
225667,Mahaisawan Intersection,1304114,2026-08-26 06:00:00+00:00,13.0,13.70515,100.48465,Air4Thai,Unknown Governmental Organization
225667,Mahaisawan Intersection,1304114,2026-08-26 07:00:00+00:00,12.7,13.70515,100.48465,Air4Thai,Unknown Governmental Organization
225667,Mahaisawan Intersection,1304114,2026-08-26 08:00:00+00:00,12.5,13.70515,100.48465,Air4Thai,Unknown Governmental Organization
225667,Mahaisawan Intersection,1304114,2026-08-26 09:00:00+00:00,12.5,13.70515,100.48465,Air4Thai,Unknown Governmental Organization
225667,Mahaisawan Intersection,1304114,2026-08-26 10:00:00+00:00,12.0,13.70515,100.48465,Air4Thai,Unknown Governmental Organization
225667,Mahaisawan Intersection,1304114,2026-08-26 11:00:00+00:00,11.7,13.70515,100.48465,Air4Thai,Unknown Governmental Organization
225667,Mahaisawan Intersection,1304114,2026-08-26 12:00:00+00:00,11.8,13.70515,100.48465,Air4Thai,Unknown Governmental Organization
225667,Mahaisawan Intersection,1304114,2026-08-26 13:00:00+00:00,11.7,13.70515,100.48465,Air4Thai,Unknown Governmental Organization
225667,Mahaisawan Intersection,1304114,2026-08-26 14:00:00+00:00,11.7,13.70515,100.48465,Air4Thai,Unknown Governmental Organization
225667,Mahaisawan Intersection,1304114,2026-08-26 15:00:00+00:00,11.8,13.70515,100.48465,Air4Thai,Unknown Governmental Organization
225667,Mahaisawan Intersection,1304114,2026-08-26 16:00:00+00:00,11.6,13.70515,100.48465,Air4Thai,Unknown Governmental Organization
225668,"Bang Kapi District Office, Bangkok",1304426,2026-08-26 05:00:00+00:00,6.6,13.766478,100.647785,Air4Thai,Unknown Governmental Organization
225668,"Bang Kapi District Office, Bangkok",1304426,2026-08-26 06:00:00+00:00,6.5,13.766478,100.647785,Air4Thai,Unknown Governmental Organization
225668,"Bang Kapi District Office, Bangkok",1304426,2026-08-26 07:00:00+00:00,6.4,13.766478,100.647785,Air4Thai,Unknown Governmental Organization
225668,"Bang Kapi District Office, Bangkok",1304426,2026-08-26 08:00:00+00:00,6.5,13.766478,100.647785,Air4Thai,Unknown Governmental Organization
225668,"Bang Kapi District Office, Bangkok",1304426,2026-08-26 09:00:00+00:00,6.2,13.766478,100.647785,Air4Thai,Unknown Governmental Organization
225668,"Bang Kapi District Office, Bangkok",1304426,2026-08-26 10:00:00+00:00,6.0,13.766478,100.647785,Air4Thai,Unknown Governmental Organization
225668,"Bang Kapi District Office, Bangkok",1304426,2026-08-26 11:00:00+00:00,6.0,13.766478,100.647785,Air4Thai,Unknown Governmental Organization
225668,"Bang Kapi District Office, Bangkok",1304426,2026-08-26 12:00:00+00:00,6.1,13.766478,100.647785,Air4Thai,Unknown Governmental Organization
225668,"Bang Kapi District Office, Bangkok",1304426,2026-08-26 13:00:00+00:00,6.0,13.766478,100.647785,Air4Thai,Unknown Governmental Organization
225668,"Bang Kapi District Office, Bangkok",1304426,2026-08-26 14:00:00+00:00,5.7,13.766478,100.647785,Air4Thai,Unknown Governmental Organization
225668,"Bang Kapi District Office, Bangkok",1304426,2026-08-26 15:00:00+00:00,5.5,13.766478,100.647785,Air4Thai,Unknown Governmental Organization
225668,"Bang Kapi District Office, Bangkok",1304426,2026-08-26 16:00:00+00:00,5.6,13.766478,100.647785,Air4Thai,Unknown Governmental Organization
225669,"City Hall, Chiangmai",1304220,2026-08-26 05:00:00+00:00,15.4,18.840732,98.96978,Air4Thai,Unknown Governmental Organization
225669,"City Hall, Chiangmai",1304220,2026-08-26 06:00:00+00:00,15.3,18.840732,98.96978,Air4Thai,Unknown Governmental Organization
225669,"City Hall, Chiangmai",1304220,2026-08-26 07:00:00+00:00,15.1,18.840732,98.96978,Air4Thai,Unknown Governmental Organization
225669,"City Hall, Chiangmai",1304220,2026-08-26 08:00:00+00:00,15.1,18.840732,98.96978,Air4Thai,Unknown Governmental Organization
225669,"City Hall, Chiangmai",1304220,2026-08-26 09:00:00+00:00,15.2,18.840732,98.96978,Air4Thai,Unknown Governmental Organization
225669,"City Hall, Chiangmai",1304220,2026-08-26 10:00:00+00:00,15.3,18.840732,98.96978,Air4Thai,Unknown Governmental Organization
225669,"City Hall, Chiangmai",1304220,2026-08-26 11:00:00+00:00,15.3,18.840732,98.96978,Air4Thai,Unknown Governmental Organization
225669,"City Hall, Chiangmai",1304220,2026-08-26 12:00:00+00:00,15.2,18.840732,98.96978,Air4Thai,Unknown Governmental Organization
225669,"City Hall, Chiangmai",1304220,2026-08-26 13:00:00+00:00,15.2,18.840732,98.96978,Air4Thai,Unknown Governmental Organization
225669,"City Hall, Chiangmai",1304220,2026-08-26 14:00:00+00:00,15.0,18.840732,98.96978,Air4Thai,Unknown Governmental Organization
225669,"City Hall, Chiangmai",1304220,2026-08-26 15:00:00+00:00,14.6,18.840732,98.96978,Air4Thai,Unknown Governmental Organization
225669,"City Hall, Chiangmai",1304220,2026-08-26 16:00:00+00:00,14.5,18.840732,98.96978,Air4Thai,Unknown Governmental Organization
225671,"Khlong Sam Wa District Office, Bangkok",1304229,2026-08-26 05:00:00+00:00,11.2,13.859911,100.704002,Air4Thai,Unknown Governmental Organization
225671,"Khlong Sam Wa District Office, Bangkok",1304229,2026-08-26 06:00:00+00:00,11.1,13.859911,100.704002,Air4Thai,Unknown Governmental Organization
225671,"Khlong Sam Wa District Office, Bangkok",1304229,2026-08-26 07:00:00+00:00,10.9,13.859911,100.704002,Air4Thai,Unknown Governmental Organization
225671,"Khlong Sam Wa District Office, Bangkok",1304229,2026-08-26 08:00:00+00:00,10.9,13.859911,100.704002,Air4Thai,Unknown Governmental Organization
225671,"Khlong Sam Wa District Office, Bangkok",1304229,2026-08-26 09:00:00+00:00,10.7,13.859911,100.704002,Air4Thai,Unknown Governmental Organization
225671,"Khlong Sam Wa District Office, Bangkok",1304229,2026-08-26 10:00:00+00:00,10.9,13.859911,100.704002,Air4Thai,Unknown Governmental Organization
225671,"Khlong Sam Wa District Office, Bangkok",1304229,2026-08-26 11:00:00+00:00,10.6,13.859911,100.704002,Air4Thai,Unknown Governmental Organization
225671,"Khlong Sam Wa District Office, Bangkok",1304229,2026-08-26 12:00:00+00:00,10.4,13.859911,100.704002,Air4Thai,Unknown Governmental Organization
225671,"Khlong Sam Wa District Office, Bangkok",1304229,2026-08-26 13:00:00+00:00,10.3,13.859911,100.704002,Air4Thai,Unknown Governmental Organization
225671,"Khlong Sam Wa District Office, Bangkok",1304229,2026-08-26 14:00:00+00:00,9.8,13.859911,100.704002,Air4Thai,Unknown Governmental Organization
225671,"Khlong Sam Wa District Office, Bangkok",1304229,2026-08-26 15:00:00+00:00,10.1,13.859911,100.704002,Air4Thai,Unknown Governmental Organization
225671,"Khlong Sam Wa District Office, Bangkok",1304229,2026-08-26 16:00:00+00:00,9.9,13.859911,100.704002,Air4Thai,Unknown Governmental Organization
225672,Suan Sayam-Ram Intra Intersection,1304078,2026-08-26 05:00:00+00:00,7.5,13.813844,100.686594,Air4Thai,Unknown Governmental Organization
225672,Suan Sayam-Ram Intra Intersection,1304078,2026-08-26 06:00:00+00:00,7.3,13.813844,100.686594,Air4Thai,Unknown Governmental Organization
225672,Suan Sayam-Ram Intra Intersection,1304078,2026-08-26 07:00:00+00:00,7.5,13.813844,100.686594,Air4Thai,Unknown Governmental Organization
225672,Suan Sayam-Ram Intra Intersection,1304078,2026-08-26 08:00:00+00:00,7.3,13.813844,100.686594,Air4Thai,Unknown Governmental Organization
225672,Suan Sayam-Ram Intra Intersection,1304078,2026-08-26 09:00:00+00:00,7.4,13.813844,100.686594,Air4Thai,Unknown Governmental Organization
225672,Suan Sayam-Ram Intra Intersection,1304078,2026-08-26 10:00:00+00:00,7.6,13.813844,100.686594,Air4Thai,Unknown Governmental Organization
225672,Suan Sayam-Ram Intra Intersection,1304078,2026-08-26 11:00:00+00:00,7.3,13.813844,100.686594,Air4Thai,Unknown Governmental Organization
225672,Suan Sayam-Ram Intra Intersection,1304078,2026-08-26 12:00:00+00:00,7.2,13.813844,100.686594,Air4Thai,Unknown Governmental Organization
225672,Suan Sayam-Ram Intra Intersection,1304078,2026-08-26 13:00:00+00:00,7.4,13.813844,100.686594,Air4Thai,Unknown Governmental Organization
225672,Suan Sayam-Ram Intra Intersection,1304078,2026-08-26 14:00:00+00:00,7.3,13.813844,100.686594,Air4Thai,Unknown Governmental Organization
225672,Suan Sayam-Ram Intra Intersection,1304078,2026-08-26 15:00:00+00:00,7.3,13.813844,100.686594,Air4Thai,Unknown Governmental Organization
225672,Suan Sayam-Ram Intra Intersection,1304078,2026-08-26 16:00:00+00:00,7.2,13.813844,100.686594,Air4Thai,Unknown Governmental Organization
225673,National Housing Authority Dindaeng,1304204,2026-08-26 05:00:00+00:00,13.4,13.762516670000002,100.5502,Air4Thai,Unknown Governmental Organization
225673,National Housing Authority Dindaeng,1304204,2026-08-26 07:00:00+00:00,13.2,13.762516670000002,100.5502,Air4Thai,Unknown Governmental Organization
225673,National Housing Authority Dindaeng,1304204,2026-08-26 08:00:00+00:00,13.1,13.762516670000002,100.5502,Air4Thai,Unknown Governmental Organization
225673,National Housing Authority Dindaeng,1304204,2026-08-26 09:00:00+00:00,13.0,13.762516670000002,100.5502,Air4Thai,Unknown Governmental Organization
225673,National Housing Authority Dindaeng,1304204,2026-08-26 10:00:00+00:00,12.8,13.762516670000002,100.5502,Air4Thai,Unknown Governmental Organization
225673,National Housing Authority Dindaeng,1304204,2026-08-26 15:00:00+00:00,12.3,13.762516670000002,100.5502,Air4Thai,Unknown Governmental Organization
225675,Meteorological Station Lopburi,1304332,2026-08-26 05:00:00+00:00,13.3,14.800032,100.62854800000001,Air4Thai,Unknown Governmental Organization
225675,Meteorological Station Lopburi,1304332,2026-08-26 06:00:00+00:00,12.9,14.800032,100.62854800000001,Air4Thai,Unknown Governmental Organization
225675,Meteorological Station Lopburi,1304332,2026-08-26 07:00:00+00:00,12.8,14.800032,100.62854800000001,Air4Thai,Unknown Governmental Organization
225675,Meteorological Station Lopburi,1304332,2026-08-26 08:00:00+00:00,12.7,14.800032,100.62854800000001,Air4Thai,Unknown Governmental Organization
225675,Meteorological Station Lopburi,1304332,2026-08-26 09:00:00+00:00,11.9,14.800032,100.62854800000001,Air4Thai,Unknown Governmental Organization
225675,Meteorological Station Lopburi,1304332,2026-08-26 10:00:00+00:00,11.3,14.800032,100.62854800000001,Air4Thai,Unknown Governmental Organization
225675,Meteorological Station Lopburi,1304332,2026-08-26 11:00:00+00:00,11.7,14.800032,100.62854800000001,Air4Thai,Unknown Governmental Organization
225675,Meteorological Station Lopburi,1304332,2026-08-26 12:00:00+00:00,11.1,14.800032,100.62854800000001,Air4Thai,Unknown Governmental Organization
225675,Meteorological Station Lopburi,1304332,2026-08-26 13:00:00+00:00,10.4,14.800032,100.62854800000001,Air4Thai,Unknown Governmental Organization
225675,Meteorological Station Lopburi,1304332,2026-08-26 14:00:00+00:00,10.2,14.800032,100.62854800000001,Air4Thai,Unknown Governmental Organization
225675,Meteorological Station Lopburi,1304332,2026-08-26 15:00:00+00:00,9.8,14.800032,100.62854800000001,Air4Thai,Unknown Governmental Organization
225675,Meteorological Station Lopburi,1304332,2026-08-26 16:00:00+00:00,9.4,14.800032,100.62854800000001,Air4Thai,Unknown Governmental Organization
225676,Ayutthaya Witthayalai School,1304217,2026-08-26 05:00:00+00:00,9.7,14.35222,100.565325,Air4Thai,Unknown Governmental Organization
225676,Ayutthaya Witthayalai School,1304217,2026-08-26 06:00:00+00:00,9.2,14.35222,100.565325,Air4Thai,Unknown Governmental Organization
225676,Ayutthaya Witthayalai School,1304217,2026-08-26 07:00:00+00:00,9.0,14.35222,100.565325,Air4Thai,Unknown Governmental Organization
225676,Ayutthaya Witthayalai School,1304217,2026-08-26 08:00:00+00:00,8.7,14.35222,100.565325,Air4Thai,Unknown Governmental Organization
225676,Ayutthaya Witthayalai School,1304217,2026-08-26 09:00:00+00:00,8.7,14.35222,100.565325,Air4Thai,Unknown Governmental Organization
225676,Ayutthaya Witthayalai School,1304217,2026-08-26 10:00:00+00:00,8.6,14.35222,100.565325,Air4Thai,Unknown Governmental Organization
225676,Ayutthaya Witthayalai School,1304217,2026-08-26 11:00:00+00:00,8.3,14.35222,100.565325,Air4Thai,Unknown Governmental Organization
225676,Ayutthaya Witthayalai School,1304217,2026-08-26 12:00:00+00:00,8.6,14.35222,100.565325,Air4Thai,Unknown Governmental Organization
225676,Ayutthaya Witthayalai School,1304217,2026-08-26 13:00:00+00:00,9.4,14.35222,100.565325,Air4Thai,Unknown Governmental Organization
225676,Ayutthaya Witthayalai School,1304217,2026-08-26 14:00:00+00:00,9.6,14.35222,100.565325,Air4Thai,Unknown Governmental Organization
225676,Ayutthaya Witthayalai School,1304217,2026-08-26 15:00:00+00:00,9.4,14.35222,100.565325,Air4Thai,Unknown Governmental Organization
225676,Ayutthaya Witthayalai School,1304217,2026-08-26 16:00:00+00:00,9.5,14.35222,100.565325,Air4Thai,Unknown Governmental Organization
225677,"Lak Si District Office, Bangkok",1304185,2026-08-26 05:00:00+00:00,12.1,13.887395,100.579247,Air4Thai,Unknown Governmental Organization
225677,"Lak Si District Office, Bangkok",1304185,2026-08-26 06:00:00+00:00,12.0,13.887395,100.579247,Air4Thai,Unknown Governmental Organization
225677,"Lak Si District Office, Bangkok",1304185,2026-08-26 07:00:00+00:00,11.6,13.887395,100.579247,Air4Thai,Unknown Governmental Organization
225677,"Lak Si District Office, Bangkok",1304185,2026-08-26 09:00:00+00:00,11.3,13.887395,100.579247,Air4Thai,Unknown Governmental Organization
225677,"Lak Si District Office, Bangkok",1304185,2026-08-26 10:00:00+00:00,11.1,13.887395,100.579247,Air4Thai,Unknown Governmental Organization
225677,"Lak Si District Office, Bangkok",1304185,2026-08-26 11:00:00+00:00,10.7,13.887395,100.579247,Air4Thai,Unknown Governmental Organization
225677,"Lak Si District Office, Bangkok",1304185,2026-08-26 12:00:00+00:00,10.7,13.887395,100.579247,Air4Thai,Unknown Governmental Organization
225677,"Lak Si District Office, Bangkok",1304185,2026-08-26 13:00:00+00:00,10.7,13.887395,100.579247,Air4Thai,Unknown Governmental Organization
225677,"Lak Si District Office, Bangkok",1304185,2026-08-26 14:00:00+00:00,10.5,13.887395,100.579247,Air4Thai,Unknown Governmental Organization
225677,"Lak Si District Office, Bangkok",1304185,2026-08-26 15:00:00+00:00,10.5,13.887395,100.579247,Air4Thai,Unknown Governmental Organization
225677,"Lak Si District Office, Bangkok",1304185,2026-08-26 16:00:00+00:00,10.5,13.887395,100.579247,Air4Thai,Unknown Governmental Organization
225678,"Bang Khae District Office, Bangkok",1304073,2026-08-26 05:00:00+00:00,9.9,13.696314,100.409049,Air4Thai,Unknown Governmental Organization
225678,"Bang Khae District Office, Bangkok",1304073,2026-08-26 06:00:00+00:00,10.0,13.696314,100.409049,Air4Thai,Unknown Governmental Organization
225678,"Bang Khae District Office, Bangkok",1304073,2026-08-26 07:00:00+00:00,9.8,13.696314,100.409049,Air4Thai,Unknown Governmental Organization
225678,"Bang Khae District Office, Bangkok",1304073,2026-08-26 08:00:00+00:00,9.4,13.696314,100.409049,Air4Thai,Unknown Governmental Organization
225678,"Bang Khae District Office, Bangkok",1304073,2026-08-26 09:00:00+00:00,9.4,13.696314,100.409049,Air4Thai,Unknown Governmental Organization
225678,"Bang Khae District Office, Bangkok",1304073,2026-08-26 10:00:00+00:00,9.2,13.696314,100.409049,Air4Thai,Unknown Governmental Organization
225678,"Bang Khae District Office, Bangkok",1304073,2026-08-26 11:00:00+00:00,9.0,13.696314,100.409049,Air4Thai,Unknown Governmental Organization
225678,"Bang Khae District Office, Bangkok",1304073,2026-08-26 12:00:00+00:00,8.6,13.696314,100.409049,Air4Thai,Unknown Governmental Organization
225678,"Bang Khae District Office, Bangkok",1304073,2026-08-26 13:00:00+00:00,8.6,13.696314,100.409049,Air4Thai,Unknown Governmental Organization
225678,"Bang Khae District Office, Bangkok",1304073,2026-08-26 14:00:00+00:00,8.5,13.696314,100.409049,Air4Thai,Unknown Governmental Organization
225678,"Bang Khae District Office, Bangkok",1304073,2026-08-26 15:00:00+00:00,8.5,13.696314,100.409049,Air4Thai,Unknown Governmental Organization
225678,"Bang Khae District Office, Bangkok",1304073,2026-08-26 16:00:00+00:00,8.3,13.696314,100.409049,Air4Thai,Unknown Governmental Organization
225679,"Dusit District Office, Bangkok",1304309,2026-08-26 05:00:00+00:00,7.6,13.776664,100.520982,Air4Thai,Unknown Governmental Organization
225679,"Dusit District Office, Bangkok",1304309,2026-08-26 06:00:00+00:00,7.6,13.776664,100.520982,Air4Thai,Unknown Governmental Organization
225679,"Dusit District Office, Bangkok",1304309,2026-08-26 07:00:00+00:00,7.7,13.776664,100.520982,Air4Thai,Unknown Governmental Organization
225679,"Dusit District Office, Bangkok",1304309,2026-08-26 08:00:00+00:00,7.6,13.776664,100.520982,Air4Thai,Unknown Governmental Organization
225679,"Dusit District Office, Bangkok",1304309,2026-08-26 09:00:00+00:00,7.7,13.776664,100.520982,Air4Thai,Unknown Governmental Organization
225679,"Dusit District Office, Bangkok",1304309,2026-08-26 10:00:00+00:00,7.6,13.776664,100.520982,Air4Thai,Unknown Governmental Organization
225679,"Dusit District Office, Bangkok",1304309,2026-08-26 11:00:00+00:00,7.4,13.776664,100.520982,Air4Thai,Unknown Governmental Organization
225679,"Dusit District Office, Bangkok",1304309,2026-08-26 12:00:00+00:00,7.6,13.776664,100.520982,Air4Thai,Unknown Governmental Organization
225679,"Dusit District Office, Bangkok",1304309,2026-08-26 13:00:00+00:00,7.4,13.776664,100.520982,Air4Thai,Unknown Governmental Organization
225679,"Dusit District Office, Bangkok",1304309,2026-08-26 14:00:00+00:00,7.4,13.776664,100.520982,Air4Thai,Unknown Governmental Organization
225679,"Dusit District Office, Bangkok",1304309,2026-08-26 15:00:00+00:00,7.2,13.776664,100.520982,Air4Thai,Unknown Governmental Organization
225679,"Dusit District Office, Bangkok",1304309,2026-08-26 16:00:00+00:00,7.1,13.776664,100.520982,Air4Thai,Unknown Governmental Organization
225681,"Soi Sukhumwit 63 Roadside Wattana, Bangkok",1304248,2026-08-26 05:00:00+00:00,7.8,13.722096,100.584559,Air4Thai,Unknown Governmental Organization
225681,"Soi Sukhumwit 63 Roadside Wattana, Bangkok",1304248,2026-08-26 06:00:00+00:00,7.7,13.722096,100.584559,Air4Thai,Unknown Governmental Organization
225681,"Soi Sukhumwit 63 Roadside Wattana, Bangkok",1304248,2026-08-26 07:00:00+00:00,7.5,13.722096,100.584559,Air4Thai,Unknown Governmental Organization
225681,"Soi Sukhumwit 63 Roadside Wattana, Bangkok",1304248,2026-08-26 08:00:00+00:00,7.0,13.722096,100.584559,Air4Thai,Unknown Governmental Organization
225681,"Soi Sukhumwit 63 Roadside Wattana, Bangkok",1304248,2026-08-26 09:00:00+00:00,7.2,13.722096,100.584559,Air4Thai,Unknown Governmental Organization
225681,"Soi Sukhumwit 63 Roadside Wattana, Bangkok",1304248,2026-08-26 10:00:00+00:00,7.1,13.722096,100.584559,Air4Thai,Unknown Governmental Organization
225681,"Soi Sukhumwit 63 Roadside Wattana, Bangkok",1304248,2026-08-26 11:00:00+00:00,7.0,13.722096,100.584559,Air4Thai,Unknown Governmental Organization
225681,"Soi Sukhumwit 63 Roadside Wattana, Bangkok",1304248,2026-08-26 12:00:00+00:00,6.9,13.722096,100.584559,Air4Thai,Unknown Governmental Organization
225681,"Soi Sukhumwit 63 Roadside Wattana, Bangkok",1304248,2026-08-26 13:00:00+00:00,6.7,13.722096,100.584559,Air4Thai,Unknown Governmental Organization
225681,"Soi Sukhumwit 63 Roadside Wattana, Bangkok",1304248,2026-08-26 14:00:00+00:00,6.8,13.722096,100.584559,Air4Thai,Unknown Governmental Organization
225681,"Soi Sukhumwit 63 Roadside Wattana, Bangkok",1304248,2026-08-26 15:00:00+00:00,6.8,13.722096,100.584559,Air4Thai,Unknown Governmental Organization
225681,"Soi Sukhumwit 63 Roadside Wattana, Bangkok",1304248,2026-08-26 16:00:00+00:00,6.6,13.722096,100.584559,Air4Thai,Unknown Governmental Organization
225682,King Mongkut's University of Technology Thonburi,1304111,2026-08-26 05:00:00+00:00,9.1,13.651004,100.496673,Air4Thai,Unknown Governmental Organization
225682,King Mongkut's University of Technology Thonburi,1304111,2026-08-26 06:00:00+00:00,9.1,13.651004,100.496673,Air4Thai,Unknown Governmental Organization
225682,King Mongkut's University of Technology Thonburi,1304111,2026-08-26 07:00:00+00:00,9.0,13.651004,100.496673,Air4Thai,Unknown Governmental Organization
225682,King Mongkut's University of Technology Thonburi,1304111,2026-08-26 08:00:00+00:00,9.1,13.651004,100.496673,Air4Thai,Unknown Governmental Organization
225682,King Mongkut's University of Technology Thonburi,1304111,2026-08-26 09:00:00+00:00,9.3,13.651004,100.496673,Air4Thai,Unknown Governmental Organization
225682,King Mongkut's University of Technology Thonburi,1304111,2026-08-26 10:00:00+00:00,9.2,13.651004,100.496673,Air4Thai,Unknown Governmental Organization
225682,King Mongkut's University of Technology Thonburi,1304111,2026-08-26 11:00:00+00:00,9.0,13.651004,100.496673,Air4Thai,Unknown Governmental Organization
225682,King Mongkut's University of Technology Thonburi,1304111,2026-08-26 12:00:00+00:00,8.5,13.651004,100.496673,Air4Thai,Unknown Governmental Organization
225682,King Mongkut's University of Technology Thonburi,1304111,2026-08-26 13:00:00+00:00,8.6,13.651004,100.496673,Air4Thai,Unknown Governmental Organization
225682,King Mongkut's University of Technology Thonburi,1304111,2026-08-26 14:00:00+00:00,8.3,13.651004,100.496673,Air4Thai,Unknown Governmental Organization
225682,King Mongkut's University of Technology Thonburi,1304111,2026-08-26 15:00:00+00:00,8.2,13.651004,100.496673,Air4Thai,Unknown Governmental Organization
225682,King Mongkut's University of Technology Thonburi,1304111,2026-08-26 16:00:00+00:00,8.0,13.651004,100.496673,Air4Thai,Unknown Governmental Organization
225683,"Nong Chok District Office, Bangkok",1304139,2026-08-26 05:00:00+00:00,12.6,13.855362,100.86267,Air4Thai,Unknown Governmental Organization
225683,"Nong Chok District Office, Bangkok",1304139,2026-08-26 06:00:00+00:00,12.5,13.855362,100.86267,Air4Thai,Unknown Governmental Organization
225683,"Nong Chok District Office, Bangkok",1304139,2026-08-26 07:00:00+00:00,12.6,13.855362,100.86267,Air4Thai,Unknown Governmental Organization
225683,"Nong Chok District Office, Bangkok",1304139,2026-08-26 08:00:00+00:00,12.0,13.855362,100.86267,Air4Thai,Unknown Governmental Organization
225683,"Nong Chok District Office, Bangkok",1304139,2026-08-26 09:00:00+00:00,12.0,13.855362,100.86267,Air4Thai,Unknown Governmental Organization
225683,"Nong Chok District Office, Bangkok",1304139,2026-08-26 10:00:00+00:00,11.8,13.855362,100.86267,Air4Thai,Unknown Governmental Organization
225683,"Nong Chok District Office, Bangkok",1304139,2026-08-26 11:00:00+00:00,11.4,13.855362,100.86267,Air4Thai,Unknown Governmental Organization
225683,"Nong Chok District Office, Bangkok",1304139,2026-08-26 12:00:00+00:00,11.4,13.855362,100.86267,Air4Thai,Unknown Governmental Organization
225683,"Nong Chok District Office, Bangkok",1304139,2026-08-26 13:00:00+00:00,11.5,13.855362,100.86267,Air4Thai,Unknown Governmental Organization
225683,"Nong Chok District Office, Bangkok",1304139,2026-08-26 14:00:00+00:00,12.1,13.855362,100.86267,Air4Thai,Unknown Governmental Organization
225683,"Nong Chok District Office, Bangkok",1304139,2026-08-26 15:00:00+00:00,12.3,13.855362,100.86267,Air4Thai,Unknown Governmental Organization
225683,"Nong Chok District Office, Bangkok",1304139,2026-08-26 16:00:00+00:00,12.2,13.855362,100.86267,Air4Thai,Unknown Governmental Organization
225684,Army Apartment Sam Sen,1304399,2026-08-26 05:00:00+00:00,11.3,13.783554,100.5344645,Air4Thai,Unknown Governmental Organization
225684,Army Apartment Sam Sen,1304399,2026-08-26 06:00:00+00:00,11.0,13.783554,100.5344645,Air4Thai,Unknown Governmental Organization
225684,Army Apartment Sam Sen,1304399,2026-08-26 07:00:00+00:00,10.8,13.783554,100.5344645,Air4Thai,Unknown Governmental Organization
225684,Army Apartment Sam Sen,1304399,2026-08-26 08:00:00+00:00,10.5,13.783554,100.5344645,Air4Thai,Unknown Governmental Organization
225684,Army Apartment Sam Sen,1304399,2026-08-26 09:00:00+00:00,10.5,13.783554,100.5344645,Air4Thai,Unknown Governmental Organization
225684,Army Apartment Sam Sen,1304399,2026-08-26 10:00:00+00:00,10.3,13.783554,100.5344645,Air4Thai,Unknown Governmental Organization
225684,Army Apartment Sam Sen,1304399,2026-08-26 11:00:00+00:00,10.0,13.783554,100.5344645,Air4Thai,Unknown Governmental Organization
225684,Army Apartment Sam Sen,1304399,2026-08-26 12:00:00+00:00,10.0,13.783554,100.5344645,Air4Thai,Unknown Governmental Organization
225684,Army Apartment Sam Sen,1304399,2026-08-26 13:00:00+00:00,10.1,13.783554,100.5344645,Air4Thai,Unknown Governmental Organization
225684,Army Apartment Sam Sen,1304399,2026-08-26 14:00:00+00:00,10.0,13.783554,100.5344645,Air4Thai,Unknown Governmental Organization
225684,Army Apartment Sam Sen,1304399,2026-08-26 15:00:00+00:00,9.7,13.783554,100.5344645,Air4Thai,Unknown Governmental Organization
225684,Army Apartment Sam Sen,1304399,2026-08-26 16:00:00+00:00,9.6,13.783554,100.5344645,Air4Thai,Unknown Governmental Organization
225686,Highway NO.3902 km.13 +600,1304349,2026-08-26 05:00:00+00:00,13.3,13.636514,100.414262,Air4Thai,Unknown Governmental Organization
225686,Highway NO.3902 km.13 +600,1304349,2026-08-26 07:00:00+00:00,13.2,13.636514,100.414262,Air4Thai,Unknown Governmental Organization
225686,Highway NO.3902 km.13 +600,1304349,2026-08-26 08:00:00+00:00,13.1,13.636514,100.414262,Air4Thai,Unknown Governmental Organization
225686,Highway NO.3902 km.13 +600,1304349,2026-08-26 09:00:00+00:00,13.0,13.636514,100.414262,Air4Thai,Unknown Governmental Organization
225686,Highway NO.3902 km.13 +600,1304349,2026-08-26 10:00:00+00:00,12.8,13.636514,100.414262,Air4Thai,Unknown Governmental Organization
225686,Highway NO.3902 km.13 +600,1304349,2026-08-26 15:00:00+00:00,12.3,13.636514,100.414262,Air4Thai,Unknown Governmental Organization
225688,"Ratchathewi District Office, Bangkok",1304305,2026-08-26 05:00:00+00:00,7.8,13.7590851,100.5345788,Air4Thai,Unknown Governmental Organization
225688,"Ratchathewi District Office, Bangkok",1304305,2026-08-26 06:00:00+00:00,7.6,13.7590851,100.5345788,Air4Thai,Unknown Governmental Organization
225688,"Ratchathewi District Office, Bangkok",1304305,2026-08-26 07:00:00+00:00,7.4,13.7590851,100.5345788,Air4Thai,Unknown Governmental Organization
225688,"Ratchathewi District Office, Bangkok",1304305,2026-08-26 08:00:00+00:00,7.6,13.7590851,100.5345788,Air4Thai,Unknown Governmental Organization
225688,"Ratchathewi District Office, Bangkok",1304305,2026-08-26 09:00:00+00:00,7.4,13.7590851,100.5345788,Air4Thai,Unknown Governmental Organization
225688,"Ratchathewi District Office, Bangkok",1304305,2026-08-26 10:00:00+00:00,7.4,13.7590851,100.5345788,Air4Thai,Unknown Governmental Organization
225688,"Ratchathewi District Office, Bangkok",1304305,2026-08-26 11:00:00+00:00,7.2,13.7590851,100.5345788,Air4Thai,Unknown Governmental Organization
225688,"Ratchathewi District Office, Bangkok",1304305,2026-08-26 12:00:00+00:00,6.9,13.7590851,100.5345788,Air4Thai,Unknown Governmental Organization
225688,"Ratchathewi District Office, Bangkok",1304305,2026-08-26 13:00:00+00:00,6.8,13.7590851,100.5345788,Air4Thai,Unknown Governmental Organization
225688,"Ratchathewi District Office, Bangkok",1304305,2026-08-26 14:00:00+00:00,6.9,13.7590851,100.5345788,Air4Thai,Unknown Governmental Organization
225688,"Ratchathewi District Office, Bangkok",1304305,2026-08-26 15:00:00+00:00,6.9,13.7590851,100.5345788,Air4Thai,Unknown Governmental Organization
225688,"Ratchathewi District Office, Bangkok",1304305,2026-08-26 16:00:00+00:00,6.7,13.7590851,100.5345788,Air4Thai,Unknown Governmental Organization
225689,Phutthamonthon 1 - Borommaratchachonnani Intersection,1304065,2026-08-26 05:00:00+00:00,10.0,13.780778,100.426727,Air4Thai,Unknown Governmental Organization
225689,Phutthamonthon 1 - Borommaratchachonnani Intersection,1304065,2026-08-26 06:00:00+00:00,9.7,13.780778,100.426727,Air4Thai,Unknown Governmental Organization
225689,Phutthamonthon 1 - Borommaratchachonnani Intersection,1304065,2026-08-26 07:00:00+00:00,10.0,13.780778,100.426727,Air4Thai,Unknown Governmental Organization
225689,Phutthamonthon 1 - Borommaratchachonnani Intersection,1304065,2026-08-26 08:00:00+00:00,9.5,13.780778,100.426727,Air4Thai,Unknown Governmental Organization
225689,Phutthamonthon 1 - Borommaratchachonnani Intersection,1304065,2026-08-26 09:00:00+00:00,9.6,13.780778,100.426727,Air4Thai,Unknown Governmental Organization
225689,Phutthamonthon 1 - Borommaratchachonnani Intersection,1304065,2026-08-26 10:00:00+00:00,9.5,13.780778,100.426727,Air4Thai,Unknown Governmental Organization
225689,Phutthamonthon 1 - Borommaratchachonnani Intersection,1304065,2026-08-26 11:00:00+00:00,9.7,13.780778,100.426727,Air4Thai,Unknown Governmental Organization
225689,Phutthamonthon 1 - Borommaratchachonnani Intersection,1304065,2026-08-26 12:00:00+00:00,9.8,13.780778,100.426727,Air4Thai,Unknown Governmental Organization
225689,Phutthamonthon 1 - Borommaratchachonnani Intersection,1304065,2026-08-26 13:00:00+00:00,9.8,13.780778,100.426727,Air4Thai,Unknown Governmental Organization
225689,Phutthamonthon 1 - Borommaratchachonnani Intersection,1304065,2026-08-26 14:00:00+00:00,9.5,13.780778,100.426727,Air4Thai,Unknown Governmental Organization
225689,Phutthamonthon 1 - Borommaratchachonnani Intersection,1304065,2026-08-26 15:00:00+00:00,9.6,13.780778,100.426727,Air4Thai,Unknown Governmental Organization
225689,Phutthamonthon 1 - Borommaratchachonnani Intersection,1304065,2026-08-26 16:00:00+00:00,9.4,13.780778,100.426727,Air4Thai,Unknown Governmental Organization
225691,"Ma Charean Roadside, Petcha Kasem 8, Nong Khaem",1304326,2026-08-26 05:00:00+00:00,17.7,13.705582,100.343164,Air4Thai,Unknown Governmental Organization
225691,"Ma Charean Roadside, Petcha Kasem 8, Nong Khaem",1304326,2026-08-26 06:00:00+00:00,17.6,13.705582,100.343164,Air4Thai,Unknown Governmental Organization
225691,"Ma Charean Roadside, Petcha Kasem 8, Nong Khaem",1304326,2026-08-26 07:00:00+00:00,17.1,13.705582,100.343164,Air4Thai,Unknown Governmental Organization
225691,"Ma Charean Roadside, Petcha Kasem 8, Nong Khaem",1304326,2026-08-26 08:00:00+00:00,16.6,13.705582,100.343164,Air4Thai,Unknown Governmental Organization
225691,"Ma Charean Roadside, Petcha Kasem 8, Nong Khaem",1304326,2026-08-26 09:00:00+00:00,16.5,13.705582,100.343164,Air4Thai,Unknown Governmental Organization
225691,"Ma Charean Roadside, Petcha Kasem 8, Nong Khaem",1304326,2026-08-26 10:00:00+00:00,16.3,13.705582,100.343164,Air4Thai,Unknown Governmental Organization
225691,"Ma Charean Roadside, Petcha Kasem 8, Nong Khaem",1304326,2026-08-26 11:00:00+00:00,16.0,13.705582,100.343164,Air4Thai,Unknown Governmental Organization
225691,"Ma Charean Roadside, Petcha Kasem 8, Nong Khaem",1304326,2026-08-26 12:00:00+00:00,15.4,13.705582,100.343164,Air4Thai,Unknown Governmental Organization
225691,"Ma Charean Roadside, Petcha Kasem 8, Nong Khaem",1304326,2026-08-26 13:00:00+00:00,15.3,13.705582,100.343164,Air4Thai,Unknown Governmental Organization
225691,"Ma Charean Roadside, Petcha Kasem 8, Nong Khaem",1304326,2026-08-26 14:00:00+00:00,14.7,13.705582,100.343164,Air4Thai,Unknown Governmental Organization
225691,"Ma Charean Roadside, Petcha Kasem 8, Nong Khaem",1304326,2026-08-26 15:00:00+00:00,14.1,13.705582,100.343164,Air4Thai,Unknown Governmental Organization
225691,"Ma Charean Roadside, Petcha Kasem 8, Nong Khaem",1304326,2026-08-26 16:00:00+00:00,14.2,13.705582,100.343164,Air4Thai,Unknown Governmental Organization
225692,"Health Promotion Hospital Sob Pad, Lampang",1304247,2026-08-26 05:00:00+00:00,10.8,18.2508166,99.76395,Air4Thai,Unknown Governmental Organization
225692,"Health Promotion Hospital Sob Pad, Lampang",1304247,2026-08-26 07:00:00+00:00,10.5,18.2508166,99.76395,Air4Thai,Unknown Governmental Organization
225692,"Health Promotion Hospital Sob Pad, Lampang",1304247,2026-08-26 08:00:00+00:00,10.4,18.2508166,99.76395,Air4Thai,Unknown Governmental Organization
225692,"Health Promotion Hospital Sob Pad, Lampang",1304247,2026-08-26 09:00:00+00:00,10.3,18.2508166,99.76395,Air4Thai,Unknown Governmental Organization
225692,"Health Promotion Hospital Sob Pad, Lampang",1304247,2026-08-26 10:00:00+00:00,10.2,18.2508166,99.76395,Air4Thai,Unknown Governmental Organization
225692,"Health Promotion Hospital Sob Pad, Lampang",1304247,2026-08-26 15:00:00+00:00,9.9,18.2508166,99.76395,Air4Thai,Unknown Governmental Organization
228541,"60th Anniversary Queen Sirikit Public Park, Loei",1317087,2026-08-26 05:00:00+00:00,6.6,17.48462,101.732734,Air4Thai,Unknown Governmental Organization
228541,"60th Anniversary Queen Sirikit Public Park, Loei",1317087,2026-08-26 06:00:00+00:00,6.4,17.48462,101.732734,Air4Thai,Unknown Governmental Organization
228541,"60th Anniversary Queen Sirikit Public Park, Loei",1317087,2026-08-26 07:00:00+00:00,6.3,17.48462,101.732734,Air4Thai,Unknown Governmental Organization
228541,"60th Anniversary Queen Sirikit Public Park, Loei",1317087,2026-08-26 08:00:00+00:00,6.2,17.48462,101.732734,Air4Thai,Unknown Governmental Organization
228541,"60th Anniversary Queen Sirikit Public Park, Loei",1317087,2026-08-26 09:00:00+00:00,6.1,17.48462,101.732734,Air4Thai,Unknown Governmental Organization
228541,"60th Anniversary Queen Sirikit Public Park, Loei",1317087,2026-08-26 10:00:00+00:00,6.0,17.48462,101.732734,Air4Thai,Unknown Governmental Organization
228541,"60th Anniversary Queen Sirikit Public Park, Loei",1317087,2026-08-26 11:00:00+00:00,6.0,17.48462,101.732734,Air4Thai,Unknown Governmental Organization
228541,"60th Anniversary Queen Sirikit Public Park, Loei",1317087,2026-08-26 12:00:00+00:00,6.1,17.48462,101.732734,Air4Thai,Unknown Governmental Organization
228541,"60th Anniversary Queen Sirikit Public Park, Loei",1317087,2026-08-26 13:00:00+00:00,6.1,17.48462,101.732734,Air4Thai,Unknown Governmental Organization
228541,"60th Anniversary Queen Sirikit Public Park, Loei",1317087,2026-08-26 14:00:00+00:00,6.2,17.48462,101.732734,Air4Thai,Unknown Governmental Organization
228541,"60th Anniversary Queen Sirikit Public Park, Loei",1317087,2026-08-26 15:00:00+00:00,6.1,17.48462,101.732734,Air4Thai,Unknown Governmental Organization
228541,"60th Anniversary Queen Sirikit Public Park, Loei",1317087,2026-08-26 16:00:00+00:00,6.0,17.48462,101.732734,Air4Thai,Unknown Governmental Organization
228542,"Nong Prajak Public Park, Udon Thani",1317103,2026-08-26 05:00:00+00:00,10.7,17.414174,102.78092600000001,Air4Thai,Unknown Governmental Organization
228542,"Nong Prajak Public Park, Udon Thani",1317103,2026-08-26 06:00:00+00:00,10.5,17.414174,102.78092600000001,Air4Thai,Unknown Governmental Organization
228542,"Nong Prajak Public Park, Udon Thani",1317103,2026-08-26 07:00:00+00:00,10.5,17.414174,102.78092600000001,Air4Thai,Unknown Governmental Organization
228542,"Nong Prajak Public Park, Udon Thani",1317103,2026-08-26 08:00:00+00:00,10.8,17.414174,102.78092600000001,Air4Thai,Unknown Governmental Organization
228542,"Nong Prajak Public Park, Udon Thani",1317103,2026-08-26 09:00:00+00:00,11.2,17.414174,102.78092600000001,Air4Thai,Unknown Governmental Organization
228542,"Nong Prajak Public Park, Udon Thani",1317103,2026-08-26 10:00:00+00:00,11.6,17.414174,102.78092600000001,Air4Thai,Unknown Governmental Organization
228542,"Nong Prajak Public Park, Udon Thani",1317103,2026-08-26 11:00:00+00:00,11.7,17.414174,102.78092600000001,Air4Thai,Unknown Governmental Organization
228542,"Nong Prajak Public Park, Udon Thani",1317103,2026-08-26 12:00:00+00:00,12.0,17.414174,102.78092600000001,Air4Thai,Unknown Governmental Organization
228542,"Nong Prajak Public Park, Udon Thani",1317103,2026-08-26 13:00:00+00:00,12.2,17.414174,102.78092600000001,Air4Thai,Unknown Governmental Organization
228542,"Nong Prajak Public Park, Udon Thani",1317103,2026-08-26 14:00:00+00:00,12.5,17.414174,102.78092600000001,Air4Thai,Unknown Governmental Organization
228542,"Nong Prajak Public Park, Udon Thani",1317103,2026-08-26 15:00:00+00:00,12.9,17.414174,102.78092600000001,Air4Thai,Unknown Governmental Organization
228542,"Nong Prajak Public Park, Udon Thani",1317103,2026-08-26 16:00:00+00:00,13.2,17.414174,102.78092600000001,Air4Thai,Unknown Governmental Organization
228543,"72nd Anniversary King Bhumibol Public Park, Uttaradit",1317108,2026-08-26 05:00:00+00:00,11.6,17.631351999999996,100.09896000000002,Air4Thai,Unknown Governmental Organization
228543,"72nd Anniversary King Bhumibol Public Park, Uttaradit",1317108,2026-08-26 06:00:00+00:00,11.5,17.631351999999996,100.09896000000002,Air4Thai,Unknown Governmental Organization
228543,"72nd Anniversary King Bhumibol Public Park, Uttaradit",1317108,2026-08-26 07:00:00+00:00,11.3,17.631351999999996,100.09896000000002,Air4Thai,Unknown Governmental Organization
228543,"72nd Anniversary King Bhumibol Public Park, Uttaradit",1317108,2026-08-26 08:00:00+00:00,11.2,17.631351999999996,100.09896000000002,Air4Thai,Unknown Governmental Organization
228543,"72nd Anniversary King Bhumibol Public Park, Uttaradit",1317108,2026-08-26 09:00:00+00:00,11.3,17.631351999999996,100.09896000000002,Air4Thai,Unknown Governmental Organization
228543,"72nd Anniversary King Bhumibol Public Park, Uttaradit",1317108,2026-08-26 10:00:00+00:00,11.2,17.631351999999996,100.09896000000002,Air4Thai,Unknown Governmental Organization
228543,"72nd Anniversary King Bhumibol Public Park, Uttaradit",1317108,2026-08-26 11:00:00+00:00,10.8,17.631351999999996,100.09896000000002,Air4Thai,Unknown Governmental Organization
228543,"72nd Anniversary King Bhumibol Public Park, Uttaradit",1317108,2026-08-26 15:00:00+00:00,11.0,17.631351999999996,100.09896000000002,Air4Thai,Unknown Governmental Organization
228543,"72nd Anniversary King Bhumibol Public Park, Uttaradit",1317108,2026-08-26 16:00:00+00:00,11.1,17.631351999999996,100.09896000000002,Air4Thai,Unknown Governmental Organization
228544,"Meteorological stations, Sakon Nakhon",1317093,2026-08-26 05:00:00+00:00,11.7,17.15662,104.13321599999999,Air4Thai,Unknown Governmental Organization
228544,"Meteorological stations, Sakon Nakhon",1317093,2026-08-26 06:00:00+00:00,11.1,17.15662,104.13321599999999,Air4Thai,Unknown Governmental Organization
228544,"Meteorological stations, Sakon Nakhon",1317093,2026-08-26 07:00:00+00:00,10.5,17.15662,104.13321599999999,Air4Thai,Unknown Governmental Organization
228544,"Meteorological stations, Sakon Nakhon",1317093,2026-08-26 08:00:00+00:00,10.3,17.15662,104.13321599999999,Air4Thai,Unknown Governmental Organization
228544,"Meteorological stations, Sakon Nakhon",1317093,2026-08-26 09:00:00+00:00,9.7,17.15662,104.13321599999999,Air4Thai,Unknown Governmental Organization
228544,"Meteorological stations, Sakon Nakhon",1317093,2026-08-26 10:00:00+00:00,8.9,17.15662,104.13321599999999,Air4Thai,Unknown Governmental Organization
228544,"Meteorological stations, Sakon Nakhon",1317093,2026-08-26 11:00:00+00:00,8.6,17.15662,104.13321599999999,Air4Thai,Unknown Governmental Organization
228544,"Meteorological stations, Sakon Nakhon",1317093,2026-08-26 12:00:00+00:00,8.6,17.15662,104.13321599999999,Air4Thai,Unknown Governmental Organization
228544,"Meteorological stations, Sakon Nakhon",1317093,2026-08-26 13:00:00+00:00,8.7,17.15662,104.13321599999999,Air4Thai,Unknown Governmental Organization
228544,"Meteorological stations, Sakon Nakhon",1317093,2026-08-26 14:00:00+00:00,8.8,17.15662,104.13321599999999,Air4Thai,Unknown Governmental Organization
228544,"Meteorological stations, Sakon Nakhon",1317093,2026-08-26 15:00:00+00:00,9.0,17.15662,104.13321599999999,Air4Thai,Unknown Governmental Organization
228544,"Meteorological stations, Sakon Nakhon",1317093,2026-08-26 16:00:00+00:00,9.0,17.15662,104.13321599999999,Air4Thai,Unknown Governmental Organization
228627,"Polytechnic College, Trang",1317584,2026-08-26 05:00:00+00:00,15.8,7.570238000000001,99.58874300000001,Air4Thai,Unknown Governmental Organization
228627,"Polytechnic College, Trang",1317584,2026-08-26 06:00:00+00:00,15.4,7.570238000000001,99.58874300000001,Air4Thai,Unknown Governmental Organization
228627,"Polytechnic College, Trang",1317584,2026-08-26 07:00:00+00:00,15.1,7.570238000000001,99.58874300000001,Air4Thai,Unknown Governmental Organization
228627,"Polytechnic College, Trang",1317584,2026-08-26 08:00:00+00:00,14.6,7.570238000000001,99.58874300000001,Air4Thai,Unknown Governmental Organization
228627,"Polytechnic College, Trang",1317584,2026-08-26 09:00:00+00:00,14.4,7.570238000000001,99.58874300000001,Air4Thai,Unknown Governmental Organization
228627,"Polytechnic College, Trang",1317584,2026-08-26 10:00:00+00:00,14.1,7.570238000000001,99.58874300000001,Air4Thai,Unknown Governmental Organization
228627,"Polytechnic College, Trang",1317584,2026-08-26 11:00:00+00:00,13.8,7.570238000000001,99.58874300000001,Air4Thai,Unknown Governmental Organization
228627,"Polytechnic College, Trang",1317584,2026-08-26 12:00:00+00:00,13.4,7.570238000000001,99.58874300000001,Air4Thai,Unknown Governmental Organization
228627,"Polytechnic College, Trang",1317584,2026-08-26 13:00:00+00:00,12.9,7.570238000000001,99.58874300000001,Air4Thai,Unknown Governmental Organization
228627,"Polytechnic College, Trang",1317584,2026-08-26 14:00:00+00:00,12.4,7.570238000000001,99.58874300000001,Air4Thai,Unknown Governmental Organization
228627,"Polytechnic College, Trang",1317584,2026-08-26 15:00:00+00:00,13.3,7.570238000000001,99.58874300000001,Air4Thai,Unknown Governmental Organization
228627,"Polytechnic College, Trang",1317584,2026-08-26 16:00:00+00:00,12.6,7.570238000000001,99.58874300000001,Air4Thai,Unknown Governmental Organization
270250,Phetbura garden,1559904,2026-08-26 05:00:00+00:00,11.2,16.418417,101.15655600000001,Air4Thai,Unknown Governmental Organization
270250,Phetbura garden,1559904,2026-08-26 06:00:00+00:00,10.8,16.418417,101.15655600000001,Air4Thai,Unknown Governmental Organization
270250,Phetbura garden,1559904,2026-08-26 07:00:00+00:00,10.5,16.418417,101.15655600000001,Air4Thai,Unknown Governmental Organization
270250,Phetbura garden,1559904,2026-08-26 08:00:00+00:00,10.1,16.418417,101.15655600000001,Air4Thai,Unknown Governmental Organization
270250,Phetbura garden,1559904,2026-08-26 09:00:00+00:00,10.0,16.418417,101.15655600000001,Air4Thai,Unknown Governmental Organization
270250,Phetbura garden,1559904,2026-08-26 10:00:00+00:00,9.7,16.418417,101.15655600000001,Air4Thai,Unknown Governmental Organization
270250,Phetbura garden,1559904,2026-08-26 11:00:00+00:00,9.3,16.418417,101.15655600000001,Air4Thai,Unknown Governmental Organization
270250,Phetbura garden,1559904,2026-08-26 12:00:00+00:00,9.2,16.418417,101.15655600000001,Air4Thai,Unknown Governmental Organization
270250,Phetbura garden,1559904,2026-08-26 13:00:00+00:00,9.0,16.418417,101.15655600000001,Air4Thai,Unknown Governmental Organization
270250,Phetbura garden,1559904,2026-08-26 14:00:00+00:00,9.1,16.418417,101.15655600000001,Air4Thai,Unknown Governmental Organization
270250,Phetbura garden,1559904,2026-08-26 15:00:00+00:00,9.5,16.418417,101.15655600000001,Air4Thai,Unknown Governmental Organization
270250,Phetbura garden,1559904,2026-08-26 16:00:00+00:00,9.2,16.418417,101.15655600000001,Air4Thai,Unknown Governmental Organization
270702,Bueng Planchai,1561932,2026-08-26 05:00:00+00:00,7.4,16.057448,103.651056,Air4Thai,Unknown Governmental Organization
270702,Bueng Planchai,1561932,2026-08-26 06:00:00+00:00,7.2,16.057448,103.651056,Air4Thai,Unknown Governmental Organization
270702,Bueng Planchai,1561932,2026-08-26 07:00:00+00:00,7.1,16.057448,103.651056,Air4Thai,Unknown Governmental Organization
270702,Bueng Planchai,1561932,2026-08-26 08:00:00+00:00,7.0,16.057448,103.651056,Air4Thai,Unknown Governmental Organization
270702,Bueng Planchai,1561932,2026-08-26 09:00:00+00:00,6.9,16.057448,103.651056,Air4Thai,Unknown Governmental Organization
270702,Bueng Planchai,1561932,2026-08-26 10:00:00+00:00,6.8,16.057448,103.651056,Air4Thai,Unknown Governmental Organization
270702,Bueng Planchai,1561932,2026-08-26 11:00:00+00:00,6.7,16.057448,103.651056,Air4Thai,Unknown Governmental Organization
270702,Bueng Planchai,1561932,2026-08-26 12:00:00+00:00,6.6,16.057448,103.651056,Air4Thai,Unknown Governmental Organization
270702,Bueng Planchai,1561932,2026-08-26 13:00:00+00:00,6.6,16.057448,103.651056,Air4Thai,Unknown Governmental Organization
270702,Bueng Planchai,1561932,2026-08-26 14:00:00+00:00,6.5,16.057448,103.651056,Air4Thai,Unknown Governmental Organization
270702,Bueng Planchai,1561932,2026-08-26 15:00:00+00:00,6.5,16.057448,103.651056,Air4Thai,Unknown Governmental Organization
270702,Bueng Planchai,1561932,2026-08-26 16:00:00+00:00,6.5,16.057448,103.651056,Air4Thai,Unknown Governmental Organization
351927,Le Thai Community Park,2000291,2026-08-26 05:00:00+00:00,6.2,17.006058999999997,99.81927,Air4Thai,Unknown Governmental Organization
351927,Le Thai Community Park,2000291,2026-08-26 06:00:00+00:00,6.1,17.006058999999997,99.81927,Air4Thai,Unknown Governmental Organization
351927,Le Thai Community Park,2000291,2026-08-26 07:00:00+00:00,6.0,17.006058999999997,99.81927,Air4Thai,Unknown Governmental Organization
351927,Le Thai Community Park,2000291,2026-08-26 08:00:00+00:00,5.9,17.006058999999997,99.81927,Air4Thai,Unknown Governmental Organization
351927,Le Thai Community Park,2000291,2026-08-26 09:00:00+00:00,5.9,17.006058999999997,99.81927,Air4Thai,Unknown Governmental Organization
351927,Le Thai Community Park,2000291,2026-08-26 10:00:00+00:00,6.0,17.006058999999997,99.81927,Air4Thai,Unknown Governmental Organization
351927,Le Thai Community Park,2000291,2026-08-26 11:00:00+00:00,5.9,17.006058999999997,99.81927,Air4Thai,Unknown Governmental Organization
351927,Le Thai Community Park,2000291,2026-08-26 12:00:00+00:00,5.8,17.006058999999997,99.81927,Air4Thai,Unknown Governmental Organization
351927,Le Thai Community Park,2000291,2026-08-26 13:00:00+00:00,5.8,17.006058999999997,99.81927,Air4Thai,Unknown Governmental Organization
351927,Le Thai Community Park,2000291,2026-08-26 14:00:00+00:00,5.7,17.006058999999997,99.81927,Air4Thai,Unknown Governmental Organization
351927,Le Thai Community Park,2000291,2026-08-26 15:00:00+00:00,5.6,17.006058999999997,99.81927,Air4Thai,Unknown Governmental Organization
351927,Le Thai Community Park,2000291,2026-08-26 16:00:00+00:00,5.4,17.006058999999997,99.81927,Air4Thai,Unknown Governmental Organization
353740,Chanthaburi Meteorological Station,2007834,2026-08-26 05:00:00+00:00,6.3,12.6095704,102.1040804,Air4Thai,Unknown Governmental Organization
353740,Chanthaburi Meteorological Station,2007834,2026-08-26 06:00:00+00:00,6.4,12.6095704,102.1040804,Air4Thai,Unknown Governmental Organization
353740,Chanthaburi Meteorological Station,2007834,2026-08-26 07:00:00+00:00,6.4,12.6095704,102.1040804,Air4Thai,Unknown Governmental Organization
353740,Chanthaburi Meteorological Station,2007834,2026-08-26 08:00:00+00:00,6.1,12.6095704,102.1040804,Air4Thai,Unknown Governmental Organization
353740,Chanthaburi Meteorological Station,2007834,2026-08-26 09:00:00+00:00,5.8,12.6095704,102.1040804,Air4Thai,Unknown Governmental Organization
353740,Chanthaburi Meteorological Station,2007834,2026-08-26 10:00:00+00:00,5.6,12.6095704,102.1040804,Air4Thai,Unknown Governmental Organization
353740,Chanthaburi Meteorological Station,2007834,2026-08-26 11:00:00+00:00,5.5,12.6095704,102.1040804,Air4Thai,Unknown Governmental Organization
353740,Chanthaburi Meteorological Station,2007834,2026-08-26 12:00:00+00:00,5.4,12.6095704,102.1040804,Air4Thai,Unknown Governmental Organization
353740,Chanthaburi Meteorological Station,2007834,2026-08-26 13:00:00+00:00,5.4,12.6095704,102.1040804,Air4Thai,Unknown Governmental Organization
353740,Chanthaburi Meteorological Station,2007834,2026-08-26 14:00:00+00:00,5.3,12.6095704,102.1040804,Air4Thai,Unknown Governmental Organization
353740,Chanthaburi Meteorological Station,2007834,2026-08-26 15:00:00+00:00,5.3,12.6095704,102.1040804,Air4Thai,Unknown Governmental Organization
353740,Chanthaburi Meteorological Station,2007834,2026-08-26 16:00:00+00:00,5.3,12.6095704,102.1040804,Air4Thai,Unknown Governmental Organization
353741,"Phichit Provincial , Phichit",2007819,2026-08-26 05:00:00+00:00,13.9,16.442554,100.322756,Air4Thai,Unknown Governmental Organization
353741,"Phichit Provincial , Phichit",2007819,2026-08-26 06:00:00+00:00,13.8,16.442554,100.322756,Air4Thai,Unknown Governmental Organization
353741,"Phichit Provincial , Phichit",2007819,2026-08-26 07:00:00+00:00,13.4,16.442554,100.322756,Air4Thai,Unknown Governmental Organization
353741,"Phichit Provincial , Phichit",2007819,2026-08-26 08:00:00+00:00,13.0,16.442554,100.322756,Air4Thai,Unknown Governmental Organization
353741,"Phichit Provincial , Phichit",2007819,2026-08-26 09:00:00+00:00,13.0,16.442554,100.322756,Air4Thai,Unknown Governmental Organization
353741,"Phichit Provincial , Phichit",2007819,2026-08-26 10:00:00+00:00,13.4,16.442554,100.322756,Air4Thai,Unknown Governmental Organization
353741,"Phichit Provincial , Phichit",2007819,2026-08-26 11:00:00+00:00,14.1,16.442554,100.322756,Air4Thai,Unknown Governmental Organization
353742,Mukdahan Provincial Stadium,2007836,2026-08-26 05:00:00+00:00,19.5,16.54257,104.7192,Air4Thai,Unknown Governmental Organization
353742,Mukdahan Provincial Stadium,2007836,2026-08-26 06:00:00+00:00,19.4,16.54257,104.7192,Air4Thai,Unknown Governmental Organization
353742,Mukdahan Provincial Stadium,2007836,2026-08-26 07:00:00+00:00,19.1,16.54257,104.7192,Air4Thai,Unknown Governmental Organization
353742,Mukdahan Provincial Stadium,2007836,2026-08-26 08:00:00+00:00,18.8,16.54257,104.7192,Air4Thai,Unknown Governmental Organization
353742,Mukdahan Provincial Stadium,2007836,2026-08-26 10:00:00+00:00,18.7,16.54257,104.7192,Air4Thai,Unknown Governmental Organization
353742,Mukdahan Provincial Stadium,2007836,2026-08-26 11:00:00+00:00,18.2,16.54257,104.7192,Air4Thai,Unknown Governmental Organization
353742,Mukdahan Provincial Stadium,2007836,2026-08-26 12:00:00+00:00,18.0,16.54257,104.7192,Air4Thai,Unknown Governmental Organization
353742,Mukdahan Provincial Stadium,2007836,2026-08-26 13:00:00+00:00,17.8,16.54257,104.7192,Air4Thai,Unknown Governmental Organization
353742,Mukdahan Provincial Stadium,2007836,2026-08-26 14:00:00+00:00,17.9,16.54257,104.7192,Air4Thai,Unknown Governmental Organization
353742,Mukdahan Provincial Stadium,2007836,2026-08-26 15:00:00+00:00,18.4,16.54257,104.7192,Air4Thai,Unknown Governmental Organization
353742,Mukdahan Provincial Stadium,2007836,2026-08-26 16:00:00+00:00,18.5,16.54257,104.7192,Air4Thai,Unknown Governmental Organization
353743,Sirichit Thai Cultural Conservation Ground,2007829,2026-08-26 05:00:00+00:00,11.6,16.475374,99.525425,Air4Thai,Unknown Governmental Organization
353743,Sirichit Thai Cultural Conservation Ground,2007829,2026-08-26 06:00:00+00:00,11.8,16.475374,99.525425,Air4Thai,Unknown Governmental Organization
353743,Sirichit Thai Cultural Conservation Ground,2007829,2026-08-26 07:00:00+00:00,11.3,16.475374,99.525425,Air4Thai,Unknown Governmental Organization
353743,Sirichit Thai Cultural Conservation Ground,2007829,2026-08-26 08:00:00+00:00,11.2,16.475374,99.525425,Air4Thai,Unknown Governmental Organization
353743,Sirichit Thai Cultural Conservation Ground,2007829,2026-08-26 09:00:00+00:00,11.2,16.475374,99.525425,Air4Thai,Unknown Governmental Organization
353743,Sirichit Thai Cultural Conservation Ground,2007829,2026-08-26 10:00:00+00:00,11.4,16.475374,99.525425,Air4Thai,Unknown Governmental Organization
353743,Sirichit Thai Cultural Conservation Ground,2007829,2026-08-26 11:00:00+00:00,11.3,16.475374,99.525425,Air4Thai,Unknown Governmental Organization
353743,Sirichit Thai Cultural Conservation Ground,2007829,2026-08-26 12:00:00+00:00,11.5,16.475374,99.525425,Air4Thai,Unknown Governmental Organization
353743,Sirichit Thai Cultural Conservation Ground,2007829,2026-08-26 13:00:00+00:00,11.6,16.475374,99.525425,Air4Thai,Unknown Governmental Organization
353743,Sirichit Thai Cultural Conservation Ground,2007829,2026-08-26 14:00:00+00:00,12.2,16.475374,99.525425,Air4Thai,Unknown Governmental Organization
353743,Sirichit Thai Cultural Conservation Ground,2007829,2026-08-26 15:00:00+00:00,13.0,16.475374,99.525425,Air4Thai,Unknown Governmental Organization
353743,Sirichit Thai Cultural Conservation Ground,2007829,2026-08-26 16:00:00+00:00,10.9,16.475374,99.525425,Air4Thai,Unknown Governmental Organization
354124,Hua Hin Weather Station Prachuap Khiri Khan Meteorological Station,2009817,2026-08-26 05:00:00+00:00,11.6,12.577835,99.953663,Air4Thai,Unknown Governmental Organization
354124,Hua Hin Weather Station Prachuap Khiri Khan Meteorological Station,2009817,2026-08-26 06:00:00+00:00,11.7,12.577835,99.953663,Air4Thai,Unknown Governmental Organization
354124,Hua Hin Weather Station Prachuap Khiri Khan Meteorological Station,2009817,2026-08-26 07:00:00+00:00,10.8,12.577835,99.953663,Air4Thai,Unknown Governmental Organization
354124,Hua Hin Weather Station Prachuap Khiri Khan Meteorological Station,2009817,2026-08-26 08:00:00+00:00,10.3,12.577835,99.953663,Air4Thai,Unknown Governmental Organization
354124,Hua Hin Weather Station Prachuap Khiri Khan Meteorological Station,2009817,2026-08-26 09:00:00+00:00,9.2,12.577835,99.953663,Air4Thai,Unknown Governmental Organization
354124,Hua Hin Weather Station Prachuap Khiri Khan Meteorological Station,2009817,2026-08-26 10:00:00+00:00,8.5,12.577835,99.953663,Air4Thai,Unknown Governmental Organization
354124,Hua Hin Weather Station Prachuap Khiri Khan Meteorological Station,2009817,2026-08-26 11:00:00+00:00,8.0,12.577835,99.953663,Air4Thai,Unknown Governmental Organization
354124,Hua Hin Weather Station Prachuap Khiri Khan Meteorological Station,2009817,2026-08-26 12:00:00+00:00,7.6,12.577835,99.953663,Air4Thai,Unknown Governmental Organization
354124,Hua Hin Weather Station Prachuap Khiri Khan Meteorological Station,2009817,2026-08-26 13:00:00+00:00,7.4,12.577835,99.953663,Air4Thai,Unknown Governmental Organization
354124,Hua Hin Weather Station Prachuap Khiri Khan Meteorological Station,2009817,2026-08-26 14:00:00+00:00,7.2,12.577835,99.953663,Air4Thai,Unknown Governmental Organization
354124,Hua Hin Weather Station Prachuap Khiri Khan Meteorological Station,2009817,2026-08-26 15:00:00+00:00,7.1,12.577835,99.953663,Air4Thai,Unknown Governmental Organization
354124,Hua Hin Weather Station Prachuap Khiri Khan Meteorological Station,2009817,2026-08-26 16:00:00+00:00,7.0,12.577835,99.953663,Air4Thai,Unknown Governmental Organization
368390,Thawee Wanarom Park,2076218,2026-08-26 05:00:00+00:00,10.4,13.7435329,100.3526893,Air4Thai,Unknown Governmental Organization
368390,Thawee Wanarom Park,2076218,2026-08-26 06:00:00+00:00,10.2,13.7435329,100.3526893,Air4Thai,Unknown Governmental Organization
368390,Thawee Wanarom Park,2076218,2026-08-26 07:00:00+00:00,9.8,13.7435329,100.3526893,Air4Thai,Unknown Governmental Organization
368390,Thawee Wanarom Park,2076218,2026-08-26 08:00:00+00:00,9.6,13.7435329,100.3526893,Air4Thai,Unknown Governmental Organization
368390,Thawee Wanarom Park,2076218,2026-08-26 09:00:00+00:00,9.2,13.7435329,100.3526893,Air4Thai,Unknown Governmental Organization
368390,Thawee Wanarom Park,2076218,2026-08-26 10:00:00+00:00,9.1,13.7435329,100.3526893,Air4Thai,Unknown Governmental Organization
368390,Thawee Wanarom Park,2076218,2026-08-26 11:00:00+00:00,9.0,13.7435329,100.3526893,Air4Thai,Unknown Governmental Organization
368390,Thawee Wanarom Park,2076218,2026-08-26 12:00:00+00:00,8.9,13.7435329,100.3526893,Air4Thai,Unknown Governmental Organization
368390,Thawee Wanarom Park,2076218,2026-08-26 13:00:00+00:00,8.8,13.7435329,100.3526893,Air4Thai,Unknown Governmental Organization
368390,Thawee Wanarom Park,2076218,2026-08-26 14:00:00+00:00,8.9,13.7435329,100.3526893,Air4Thai,Unknown Governmental Organization
368390,Thawee Wanarom Park,2076218,2026-08-26 15:00:00+00:00,8.9,13.7435329,100.3526893,Air4Thai,Unknown Governmental Organization
368390,Thawee Wanarom Park,2076218,2026-08-26 16:00:00+00:00,9.3,13.7435329,100.3526893,Air4Thai,Unknown Governmental Organization
368391,Suan Luang Rama IX,2076229,2026-08-26 05:00:00+00:00,8.2,13.6881393,100.6579657,Air4Thai,Unknown Governmental Organization
368391,Suan Luang Rama IX,2076229,2026-08-26 06:00:00+00:00,7.9,13.6881393,100.6579657,Air4Thai,Unknown Governmental Organization
368391,Suan Luang Rama IX,2076229,2026-08-26 07:00:00+00:00,7.5,13.6881393,100.6579657,Air4Thai,Unknown Governmental Organization
368391,Suan Luang Rama IX,2076229,2026-08-26 08:00:00+00:00,7.4,13.6881393,100.6579657,Air4Thai,Unknown Governmental Organization
368391,Suan Luang Rama IX,2076229,2026-08-26 09:00:00+00:00,7.5,13.6881393,100.6579657,Air4Thai,Unknown Governmental Organization
368391,Suan Luang Rama IX,2076229,2026-08-26 10:00:00+00:00,7.3,13.6881393,100.6579657,Air4Thai,Unknown Governmental Organization
368391,Suan Luang Rama IX,2076229,2026-08-26 11:00:00+00:00,6.9,13.6881393,100.6579657,Air4Thai,Unknown Governmental Organization
368391,Suan Luang Rama IX,2076229,2026-08-26 12:00:00+00:00,6.4,13.6881393,100.6579657,Air4Thai,Unknown Governmental Organization
368391,Suan Luang Rama IX,2076229,2026-08-26 13:00:00+00:00,6.2,13.6881393,100.6579657,Air4Thai,Unknown Governmental Organization
368391,Suan Luang Rama IX,2076229,2026-08-26 14:00:00+00:00,6.2,13.6881393,100.6579657,Air4Thai,Unknown Governmental Organization
368391,Suan Luang Rama IX,2076229,2026-08-26 15:00:00+00:00,6.1,13.6881393,100.6579657,Air4Thai,Unknown Governmental Organization
368391,Suan Luang Rama IX,2076229,2026-08-26 16:00:00+00:00,5.9,13.6881393,100.6579657,Air4Thai,Unknown Governmental Organization
368392,Ramintra Sports Park,2076223,2026-08-26 05:00:00+00:00,7.2,13.8778763,100.6207085,Air4Thai,Unknown Governmental Organization
368392,Ramintra Sports Park,2076223,2026-08-26 06:00:00+00:00,7.0,13.8778763,100.6207085,Air4Thai,Unknown Governmental Organization
368392,Ramintra Sports Park,2076223,2026-08-26 07:00:00+00:00,7.2,13.8778763,100.6207085,Air4Thai,Unknown Governmental Organization
368392,Ramintra Sports Park,2076223,2026-08-26 08:00:00+00:00,6.7,13.8778763,100.6207085,Air4Thai,Unknown Governmental Organization
368392,Ramintra Sports Park,2076223,2026-08-26 09:00:00+00:00,6.6,13.8778763,100.6207085,Air4Thai,Unknown Governmental Organization
368392,Ramintra Sports Park,2076223,2026-08-26 10:00:00+00:00,6.4,13.8778763,100.6207085,Air4Thai,Unknown Governmental Organization
368392,Ramintra Sports Park,2076223,2026-08-26 11:00:00+00:00,6.3,13.8778763,100.6207085,Air4Thai,Unknown Governmental Organization
368392,Ramintra Sports Park,2076223,2026-08-26 12:00:00+00:00,5.9,13.8778763,100.6207085,Air4Thai,Unknown Governmental Organization
368392,Ramintra Sports Park,2076223,2026-08-26 13:00:00+00:00,5.8,13.8778763,100.6207085,Air4Thai,Unknown Governmental Organization
368392,Ramintra Sports Park,2076223,2026-08-26 14:00:00+00:00,5.7,13.8778763,100.6207085,Air4Thai,Unknown Governmental Organization
368392,Ramintra Sports Park,2076223,2026-08-26 15:00:00+00:00,5.7,13.8778763,100.6207085,Air4Thai,Unknown Governmental Organization
368392,Ramintra Sports Park,2076223,2026-08-26 16:00:00+00:00,5.8,13.8778763,100.6207085,Air4Thai,Unknown Governmental Organization
368393,Rommani Thungsikan Park,2076221,2026-08-26 05:00:00+00:00,7.3,13.9288678,100.5684666,Air4Thai,Unknown Governmental Organization
368393,Rommani Thungsikan Park,2076221,2026-08-26 06:00:00+00:00,7.0,13.9288678,100.5684666,Air4Thai,Unknown Governmental Organization
368393,Rommani Thungsikan Park,2076221,2026-08-26 07:00:00+00:00,6.7,13.9288678,100.5684666,Air4Thai,Unknown Governmental Organization
368393,Rommani Thungsikan Park,2076221,2026-08-26 08:00:00+00:00,6.8,13.9288678,100.5684666,Air4Thai,Unknown Governmental Organization
368393,Rommani Thungsikan Park,2076221,2026-08-26 09:00:00+00:00,7.0,13.9288678,100.5684666,Air4Thai,Unknown Governmental Organization
368393,Rommani Thungsikan Park,2076221,2026-08-26 10:00:00+00:00,6.9,13.9288678,100.5684666,Air4Thai,Unknown Governmental Organization
368393,Rommani Thungsikan Park,2076221,2026-08-26 11:00:00+00:00,6.8,13.9288678,100.5684666,Air4Thai,Unknown Governmental Organization
368393,Rommani Thungsikan Park,2076221,2026-08-26 12:00:00+00:00,6.8,13.9288678,100.5684666,Air4Thai,Unknown Governmental Organization
368393,Rommani Thungsikan Park,2076221,2026-08-26 13:00:00+00:00,6.8,13.9288678,100.5684666,Air4Thai,Unknown Governmental Organization
368393,Rommani Thungsikan Park,2076221,2026-08-26 14:00:00+00:00,6.7,13.9288678,100.5684666,Air4Thai,Unknown Governmental Organization
368393,Rommani Thungsikan Park,2076221,2026-08-26 15:00:00+00:00,6.4,13.9288678,100.5684666,Air4Thai,Unknown Governmental Organization
368393,Rommani Thungsikan Park,2076221,2026-08-26 16:00:00+00:00,6.4,13.9288678,100.5684666,Air4Thai,Unknown Governmental Organization
368394,Lumpini park,2076227,2026-08-26 05:00:00+00:00,7.6,13.732225,100.5448381,Air4Thai,Unknown Governmental Organization
368394,Lumpini park,2076227,2026-08-26 06:00:00+00:00,7.4,13.732225,100.5448381,Air4Thai,Unknown Governmental Organization
368394,Lumpini park,2076227,2026-08-26 07:00:00+00:00,7.2,13.732225,100.5448381,Air4Thai,Unknown Governmental Organization
368394,Lumpini park,2076227,2026-08-26 08:00:00+00:00,7.3,13.732225,100.5448381,Air4Thai,Unknown Governmental Organization
368394,Lumpini park,2076227,2026-08-26 09:00:00+00:00,7.2,13.732225,100.5448381,Air4Thai,Unknown Governmental Organization
368394,Lumpini park,2076227,2026-08-26 10:00:00+00:00,6.9,13.732225,100.5448381,Air4Thai,Unknown Governmental Organization
368394,Lumpini park,2076227,2026-08-26 11:00:00+00:00,6.6,13.732225,100.5448381,Air4Thai,Unknown Governmental Organization
368394,Lumpini park,2076227,2026-08-26 12:00:00+00:00,6.5,13.732225,100.5448381,Air4Thai,Unknown Governmental Organization
368394,Lumpini park,2076227,2026-08-26 13:00:00+00:00,6.5,13.732225,100.5448381,Air4Thai,Unknown Governmental Organization
368394,Lumpini park,2076227,2026-08-26 14:00:00+00:00,6.5,13.732225,100.5448381,Air4Thai,Unknown Governmental Organization
368394,Lumpini park,2076227,2026-08-26 16:00:00+00:00,6.1,13.732225,100.5448381,Air4Thai,Unknown Governmental Organization
368395,Thonburirom Park,2076215,2026-08-26 05:00:00+00:00,8.9,13.6502295,100.4909771,Air4Thai,Unknown Governmental Organization
368395,Thonburirom Park,2076215,2026-08-26 06:00:00+00:00,8.9,13.6502295,100.4909771,Air4Thai,Unknown Governmental Organization
368395,Thonburirom Park,2076215,2026-08-26 07:00:00+00:00,9.2,13.6502295,100.4909771,Air4Thai,Unknown Governmental Organization
368395,Thonburirom Park,2076215,2026-08-26 08:00:00+00:00,9.0,13.6502295,100.4909771,Air4Thai,Unknown Governmental Organization
368395,Thonburirom Park,2076215,2026-08-26 09:00:00+00:00,8.8,13.6502295,100.4909771,Air4Thai,Unknown Governmental Organization
368395,Thonburirom Park,2076215,2026-08-26 10:00:00+00:00,8.6,13.6502295,100.4909771,Air4Thai,Unknown Governmental Organization
368395,Thonburirom Park,2076215,2026-08-26 11:00:00+00:00,8.2,13.6502295,100.4909771,Air4Thai,Unknown Governmental Organization
368395,Thonburirom Park,2076215,2026-08-26 12:00:00+00:00,7.9,13.6502295,100.4909771,Air4Thai,Unknown Governmental Organization
368395,Thonburirom Park,2076215,2026-08-26 13:00:00+00:00,7.7,13.6502295,100.4909771,Air4Thai,Unknown Governmental Organization
368395,Thonburirom Park,2076215,2026-08-26 14:00:00+00:00,7.6,13.6502295,100.4909771,Air4Thai,Unknown Governmental Organization
368395,Thonburirom Park,2076215,2026-08-26 15:00:00+00:00,7.5,13.6502295,100.4909771,Air4Thai,Unknown Governmental Organization
368395,Thonburirom Park,2076215,2026-08-26 16:00:00+00:00,7.0,13.6502295,100.4909771,Air4Thai,Unknown Governmental Organization
368396,Queen Sirikit Park,2076225,2026-08-26 05:00:00+00:00,7.4,13.8055472,100.5488338,Air4Thai,Unknown Governmental Organization
368396,Queen Sirikit Park,2076225,2026-08-26 06:00:00+00:00,7.2,13.8055472,100.5488338,Air4Thai,Unknown Governmental Organization
368396,Queen Sirikit Park,2076225,2026-08-26 07:00:00+00:00,7.2,13.8055472,100.5488338,Air4Thai,Unknown Governmental Organization
368396,Queen Sirikit Park,2076225,2026-08-26 08:00:00+00:00,7.2,13.8055472,100.5488338,Air4Thai,Unknown Governmental Organization
368396,Queen Sirikit Park,2076225,2026-08-26 09:00:00+00:00,6.9,13.8055472,100.5488338,Air4Thai,Unknown Governmental Organization
368396,Queen Sirikit Park,2076225,2026-08-26 10:00:00+00:00,6.5,13.8055472,100.5488338,Air4Thai,Unknown Governmental Organization
368396,Queen Sirikit Park,2076225,2026-08-26 11:00:00+00:00,6.3,13.8055472,100.5488338,Air4Thai,Unknown Governmental Organization
368396,Queen Sirikit Park,2076225,2026-08-26 12:00:00+00:00,6.3,13.8055472,100.5488338,Air4Thai,Unknown Governmental Organization
368396,Queen Sirikit Park,2076225,2026-08-26 13:00:00+00:00,6.0,13.8055472,100.5488338,Air4Thai,Unknown Governmental Organization
368396,Queen Sirikit Park,2076225,2026-08-26 14:00:00+00:00,6.0,13.8055472,100.5488338,Air4Thai,Unknown Governmental Organization
368396,Queen Sirikit Park,2076225,2026-08-26 15:00:00+00:00,6.1,13.8055472,100.5488338,Air4Thai,Unknown Governmental Organization
368396,Queen Sirikit Park,2076225,2026-08-26 16:00:00+00:00,6.1,13.8055472,100.5488338,Air4Thai,Unknown Governmental Organization
368397,Rama VIII Park,2076216,2026-08-26 05:00:00+00:00,8.8,13.7693437,100.4945337,Air4Thai,Unknown Governmental Organization
368397,Rama VIII Park,2076216,2026-08-26 06:00:00+00:00,8.8,13.7693437,100.4945337,Air4Thai,Unknown Governmental Organization
368397,Rama VIII Park,2076216,2026-08-26 07:00:00+00:00,8.6,13.7693437,100.4945337,Air4Thai,Unknown Governmental Organization
368397,Rama VIII Park,2076216,2026-08-26 08:00:00+00:00,8.3,13.7693437,100.4945337,Air4Thai,Unknown Governmental Organization
368397,Rama VIII Park,2076216,2026-08-26 09:00:00+00:00,7.8,13.7693437,100.4945337,Air4Thai,Unknown Governmental Organization
368397,Rama VIII Park,2076216,2026-08-26 10:00:00+00:00,7.4,13.7693437,100.4945337,Air4Thai,Unknown Governmental Organization
368397,Rama VIII Park,2076216,2026-08-26 11:00:00+00:00,7.4,13.7693437,100.4945337,Air4Thai,Unknown Governmental Organization
368397,Rama VIII Park,2076216,2026-08-26 12:00:00+00:00,7.3,13.7693437,100.4945337,Air4Thai,Unknown Governmental Organization
368397,Rama VIII Park,2076216,2026-08-26 13:00:00+00:00,7.2,13.7693437,100.4945337,Air4Thai,Unknown Governmental Organization
368397,Rama VIII Park,2076216,2026-08-26 14:00:00+00:00,6.9,13.7693437,100.4945337,Air4Thai,Unknown Governmental Organization
368397,Rama VIII Park,2076216,2026-08-26 15:00:00+00:00,6.8,13.7693437,100.4945337,Air4Thai,Unknown Governmental Organization
368397,Rama VIII Park,2076216,2026-08-26 16:00:00+00:00,7.0,13.7693437,100.4945337,Air4Thai,Unknown Governmental Organization
368399,Benjakitti Park,2076232,2026-08-26 05:00:00+00:00,8.0,13.7328791,100.5600172,Air4Thai,Unknown Governmental Organization
368399,Benjakitti Park,2076232,2026-08-26 06:00:00+00:00,7.8,13.7328791,100.5600172,Air4Thai,Unknown Governmental Organization
368399,Benjakitti Park,2076232,2026-08-26 07:00:00+00:00,7.3,13.7328791,100.5600172,Air4Thai,Unknown Governmental Organization
368399,Benjakitti Park,2076232,2026-08-26 08:00:00+00:00,7.4,13.7328791,100.5600172,Air4Thai,Unknown Governmental Organization
368399,Benjakitti Park,2076232,2026-08-26 09:00:00+00:00,7.3,13.7328791,100.5600172,Air4Thai,Unknown Governmental Organization
368399,Benjakitti Park,2076232,2026-08-26 10:00:00+00:00,7.0,13.7328791,100.5600172,Air4Thai,Unknown Governmental Organization
368399,Benjakitti Park,2076232,2026-08-26 11:00:00+00:00,6.6,13.7328791,100.5600172,Air4Thai,Unknown Governmental Organization
368399,Benjakitti Park,2076232,2026-08-26 12:00:00+00:00,6.6,13.7328791,100.5600172,Air4Thai,Unknown Governmental Organization
368399,Benjakitti Park,2076232,2026-08-26 13:00:00+00:00,6.7,13.7328791,100.5600172,Air4Thai,Unknown Governmental Organization
368399,Benjakitti Park,2076232,2026-08-26 14:00:00+00:00,6.5,13.7328791,100.5600172,Air4Thai,Unknown Governmental Organization
368399,Benjakitti Park,2076232,2026-08-26 15:00:00+00:00,6.3,13.7328791,100.5600172,Air4Thai,Unknown Governmental Organization
368399,Benjakitti Park,2076232,2026-08-26 16:00:00+00:00,6.1,13.7328791,100.5600172,Air4Thai,Unknown Governmental Organization
368401,Nong Chok Park,2076217,2026-08-26 05:00:00+00:00,7.9,13.855656,100.8585539,Air4Thai,Unknown Governmental Organization
368401,Nong Chok Park,2076217,2026-08-26 06:00:00+00:00,8.0,13.855656,100.8585539,Air4Thai,Unknown Governmental Organization
368401,Nong Chok Park,2076217,2026-08-26 07:00:00+00:00,7.6,13.855656,100.8585539,Air4Thai,Unknown Governmental Organization
368401,Nong Chok Park,2076217,2026-08-26 08:00:00+00:00,7.5,13.855656,100.8585539,Air4Thai,Unknown Governmental Organization
368401,Nong Chok Park,2076217,2026-08-26 09:00:00+00:00,7.2,13.855656,100.8585539,Air4Thai,Unknown Governmental Organization
368401,Nong Chok Park,2076217,2026-08-26 10:00:00+00:00,6.9,13.855656,100.8585539,Air4Thai,Unknown Governmental Organization
368401,Nong Chok Park,2076217,2026-08-26 11:00:00+00:00,6.5,13.855656,100.8585539,Air4Thai,Unknown Governmental Organization
368401,Nong Chok Park,2076217,2026-08-26 12:00:00+00:00,6.7,13.855656,100.8585539,Air4Thai,Unknown Governmental Organization
368401,Nong Chok Park,2076217,2026-08-26 13:00:00+00:00,7.0,13.855656,100.8585539,Air4Thai,Unknown Governmental Organization
368401,Nong Chok Park,2076217,2026-08-26 14:00:00+00:00,7.0,13.855656,100.8585539,Air4Thai,Unknown Governmental Organization
368401,Nong Chok Park,2076217,2026-08-26 15:00:00+00:00,6.8,13.855656,100.8585539,Air4Thai,Unknown Governmental Organization
368401,Nong Chok Park,2076217,2026-08-26 16:00:00+00:00,6.7,13.855656,100.8585539,Air4Thai,Unknown Governmental Organization
368402,Serithai Park,2076231,2026-08-26 05:00:00+00:00,12.2,13.7855673,100.6733359,Air4Thai,Unknown Governmental Organization
368402,Serithai Park,2076231,2026-08-26 06:00:00+00:00,12.1,13.7855673,100.6733359,Air4Thai,Unknown Governmental Organization
368402,Serithai Park,2076231,2026-08-26 07:00:00+00:00,11.8,13.7855673,100.6733359,Air4Thai,Unknown Governmental Organization
368402,Serithai Park,2076231,2026-08-26 08:00:00+00:00,11.7,13.7855673,100.6733359,Air4Thai,Unknown Governmental Organization
368402,Serithai Park,2076231,2026-08-26 09:00:00+00:00,11.5,13.7855673,100.6733359,Air4Thai,Unknown Governmental Organization
368402,Serithai Park,2076231,2026-08-26 10:00:00+00:00,11.4,13.7855673,100.6733359,Air4Thai,Unknown Governmental Organization
368402,Serithai Park,2076231,2026-08-26 11:00:00+00:00,11.5,13.7855673,100.6733359,Air4Thai,Unknown Governmental Organization
368402,Serithai Park,2076231,2026-08-26 12:00:00+00:00,11.4,13.7855673,100.6733359,Air4Thai,Unknown Governmental Organization
368402,Serithai Park,2076231,2026-08-26 13:00:00+00:00,11.3,13.7855673,100.6733359,Air4Thai,Unknown Governmental Organization
368402,Serithai Park,2076231,2026-08-26 14:00:00+00:00,11.1,13.7855673,100.6733359,Air4Thai,Unknown Governmental Organization
368402,Serithai Park,2076231,2026-08-26 15:00:00+00:00,11.1,13.7855673,100.6733359,Air4Thai,Unknown Governmental Organization
368402,Serithai Park,2076231,2026-08-26 16:00:00+00:00,10.9,13.7855673,100.6733359,Air4Thai,Unknown Governmental Organization
368403,Chatuchak Park,2076226,2026-08-26 05:00:00+00:00,7.0,13.802546,100.5509191,Air4Thai,Unknown Governmental Organization
368403,Chatuchak Park,2076226,2026-08-26 06:00:00+00:00,6.9,13.802546,100.5509191,Air4Thai,Unknown Governmental Organization
368403,Chatuchak Park,2076226,2026-08-26 07:00:00+00:00,6.9,13.802546,100.5509191,Air4Thai,Unknown Governmental Organization
368403,Chatuchak Park,2076226,2026-08-26 08:00:00+00:00,6.9,13.802546,100.5509191,Air4Thai,Unknown Governmental Organization
368403,Chatuchak Park,2076226,2026-08-26 09:00:00+00:00,6.8,13.802546,100.5509191,Air4Thai,Unknown Governmental Organization
368403,Chatuchak Park,2076226,2026-08-26 10:00:00+00:00,6.6,13.802546,100.5509191,Air4Thai,Unknown Governmental Organization
368403,Chatuchak Park,2076226,2026-08-26 11:00:00+00:00,6.5,13.802546,100.5509191,Air4Thai,Unknown Governmental Organization
368403,Chatuchak Park,2076226,2026-08-26 12:00:00+00:00,6.4,13.802546,100.5509191,Air4Thai,Unknown Governmental Organization
368403,Chatuchak Park,2076226,2026-08-26 13:00:00+00:00,6.1,13.802546,100.5509191,Air4Thai,Unknown Governmental Organization
368403,Chatuchak Park,2076226,2026-08-26 14:00:00+00:00,6.0,13.802546,100.5509191,Air4Thai,Unknown Governmental Organization
368403,Chatuchak Park,2076226,2026-08-26 15:00:00+00:00,5.9,13.802546,100.5509191,Air4Thai,Unknown Governmental Organization
368403,Chatuchak Park,2076226,2026-08-26 16:00:00+00:00,6.3,13.802546,100.5509191,Air4Thai,Unknown Governmental Organization
368404,"60th Anniversary of Queen Sirikit Park ,Kheha Romklao Road, Lat Krabang, Bangkok",2076214,2026-08-26 05:00:00+00:00,11.0,13.7631141,100.7302101,Air4Thai,Unknown Governmental Organization
368404,"60th Anniversary of Queen Sirikit Park ,Kheha Romklao Road, Lat Krabang, Bangkok",2076214,2026-08-26 06:00:00+00:00,10.8,13.7631141,100.7302101,Air4Thai,Unknown Governmental Organization
368404,"60th Anniversary of Queen Sirikit Park ,Kheha Romklao Road, Lat Krabang, Bangkok",2076214,2026-08-26 07:00:00+00:00,10.4,13.7631141,100.7302101,Air4Thai,Unknown Governmental Organization
368404,"60th Anniversary of Queen Sirikit Park ,Kheha Romklao Road, Lat Krabang, Bangkok",2076214,2026-08-26 08:00:00+00:00,10.4,13.7631141,100.7302101,Air4Thai,Unknown Governmental Organization
368404,"60th Anniversary of Queen Sirikit Park ,Kheha Romklao Road, Lat Krabang, Bangkok",2076214,2026-08-26 09:00:00+00:00,10.1,13.7631141,100.7302101,Air4Thai,Unknown Governmental Organization
368404,"60th Anniversary of Queen Sirikit Park ,Kheha Romklao Road, Lat Krabang, Bangkok",2076214,2026-08-26 10:00:00+00:00,9.9,13.7631141,100.7302101,Air4Thai,Unknown Governmental Organization
368404,"60th Anniversary of Queen Sirikit Park ,Kheha Romklao Road, Lat Krabang, Bangkok",2076214,2026-08-26 11:00:00+00:00,9.6,13.7631141,100.7302101,Air4Thai,Unknown Governmental Organization
368404,"60th Anniversary of Queen Sirikit Park ,Kheha Romklao Road, Lat Krabang, Bangkok",2076214,2026-08-26 12:00:00+00:00,9.6,13.7631141,100.7302101,Air4Thai,Unknown Governmental Organization
368404,"60th Anniversary of Queen Sirikit Park ,Kheha Romklao Road, Lat Krabang, Bangkok",2076214,2026-08-26 13:00:00+00:00,9.8,13.7631141,100.7302101,Air4Thai,Unknown Governmental Organization
368404,"60th Anniversary of Queen Sirikit Park ,Kheha Romklao Road, Lat Krabang, Bangkok",2076214,2026-08-26 14:00:00+00:00,9.5,13.7631141,100.7302101,Air4Thai,Unknown Governmental Organization
368404,"60th Anniversary of Queen Sirikit Park ,Kheha Romklao Road, Lat Krabang, Bangkok",2076214,2026-08-26 15:00:00+00:00,9.6,13.7631141,100.7302101,Air4Thai,Unknown Governmental Organization
368404,"60th Anniversary of Queen Sirikit Park ,Kheha Romklao Road, Lat Krabang, Bangkok",2076214,2026-08-26 16:00:00+00:00,9.4,13.7631141,100.7302101,Air4Thai,Unknown Governmental Organization
368405,Bang Khae Phirom Park,2076222,2026-08-26 05:00:00+00:00,10.9,13.6863478,100.3844036,Air4Thai,Unknown Governmental Organization
368405,Bang Khae Phirom Park,2076222,2026-08-26 06:00:00+00:00,10.7,13.6863478,100.3844036,Air4Thai,Unknown Governmental Organization
368405,Bang Khae Phirom Park,2076222,2026-08-26 07:00:00+00:00,10.7,13.6863478,100.3844036,Air4Thai,Unknown Governmental Organization
368405,Bang Khae Phirom Park,2076222,2026-08-26 08:00:00+00:00,10.4,13.6863478,100.3844036,Air4Thai,Unknown Governmental Organization
368405,Bang Khae Phirom Park,2076222,2026-08-26 09:00:00+00:00,10.5,13.6863478,100.3844036,Air4Thai,Unknown Governmental Organization
368405,Bang Khae Phirom Park,2076222,2026-08-26 10:00:00+00:00,10.5,13.6863478,100.3844036,Air4Thai,Unknown Governmental Organization
368405,Bang Khae Phirom Park,2076222,2026-08-26 11:00:00+00:00,10.2,13.6863478,100.3844036,Air4Thai,Unknown Governmental Organization
368405,Bang Khae Phirom Park,2076222,2026-08-26 12:00:00+00:00,10.1,13.6863478,100.3844036,Air4Thai,Unknown Governmental Organization
368405,Bang Khae Phirom Park,2076222,2026-08-26 13:00:00+00:00,9.9,13.6863478,100.3844036,Air4Thai,Unknown Governmental Organization
368405,Bang Khae Phirom Park,2076222,2026-08-26 14:00:00+00:00,9.9,13.6863478,100.3844036,Air4Thai,Unknown Governmental Organization
368405,Bang Khae Phirom Park,2076222,2026-08-26 15:00:00+00:00,10.0,13.6863478,100.3844036,Air4Thai,Unknown Governmental Organization
368405,Bang Khae Phirom Park,2076222,2026-08-26 16:00:00+00:00,9.6,13.6863478,100.3844036,Air4Thai,Unknown Governmental Organization
368406,80th Anniversary Commemoration Park,2076224,2026-08-26 05:00:00+00:00,11.2,13.7716446,100.4681128,Air4Thai,Unknown Governmental Organization
368406,80th Anniversary Commemoration Park,2076224,2026-08-26 06:00:00+00:00,11.1,13.7716446,100.4681128,Air4Thai,Unknown Governmental Organization
368406,80th Anniversary Commemoration Park,2076224,2026-08-26 07:00:00+00:00,11.0,13.7716446,100.4681128,Air4Thai,Unknown Governmental Organization
368406,80th Anniversary Commemoration Park,2076224,2026-08-26 08:00:00+00:00,10.8,13.7716446,100.4681128,Air4Thai,Unknown Governmental Organization
368406,80th Anniversary Commemoration Park,2076224,2026-08-26 09:00:00+00:00,10.5,13.7716446,100.4681128,Air4Thai,Unknown Governmental Organization
368406,80th Anniversary Commemoration Park,2076224,2026-08-26 10:00:00+00:00,10.0,13.7716446,100.4681128,Air4Thai,Unknown Governmental Organization
368406,80th Anniversary Commemoration Park,2076224,2026-08-26 11:00:00+00:00,9.8,13.7716446,100.4681128,Air4Thai,Unknown Governmental Organization
368406,80th Anniversary Commemoration Park,2076224,2026-08-26 12:00:00+00:00,9.9,13.7716446,100.4681128,Air4Thai,Unknown Governmental Organization
368406,80th Anniversary Commemoration Park,2076224,2026-08-26 13:00:00+00:00,9.6,13.7716446,100.4681128,Air4Thai,Unknown Governmental Organization
368406,80th Anniversary Commemoration Park,2076224,2026-08-26 14:00:00+00:00,9.6,13.7716446,100.4681128,Air4Thai,Unknown Governmental Organization
368406,80th Anniversary Commemoration Park,2076224,2026-08-26 15:00:00+00:00,9.6,13.7716446,100.4681128,Air4Thai,Unknown Governmental Organization
368406,80th Anniversary Commemoration Park,2076224,2026-08-26 16:00:00+00:00,9.6,13.7716446,100.4681128,Air4Thai,Unknown Governmental Organization
368407,Wacchirabenchatat Park,2076220,2026-08-26 05:00:00+00:00,7.1,13.8118516,100.5535825,Air4Thai,Unknown Governmental Organization
368407,Wacchirabenchatat Park,2076220,2026-08-26 06:00:00+00:00,6.9,13.8118516,100.5535825,Air4Thai,Unknown Governmental Organization
368407,Wacchirabenchatat Park,2076220,2026-08-26 07:00:00+00:00,6.9,13.8118516,100.5535825,Air4Thai,Unknown Governmental Organization
368407,Wacchirabenchatat Park,2076220,2026-08-26 08:00:00+00:00,6.8,13.8118516,100.5535825,Air4Thai,Unknown Governmental Organization
368407,Wacchirabenchatat Park,2076220,2026-08-26 09:00:00+00:00,6.7,13.8118516,100.5535825,Air4Thai,Unknown Governmental Organization
368407,Wacchirabenchatat Park,2076220,2026-08-26 10:00:00+00:00,6.4,13.8118516,100.5535825,Air4Thai,Unknown Governmental Organization
368407,Wacchirabenchatat Park,2076220,2026-08-26 11:00:00+00:00,6.3,13.8118516,100.5535825,Air4Thai,Unknown Governmental Organization
368407,Wacchirabenchatat Park,2076220,2026-08-26 12:00:00+00:00,6.3,13.8118516,100.5535825,Air4Thai,Unknown Governmental Organization
368407,Wacchirabenchatat Park,2076220,2026-08-26 13:00:00+00:00,6.4,13.8118516,100.5535825,Air4Thai,Unknown Governmental Organization
368407,Wacchirabenchatat Park,2076220,2026-08-26 14:00:00+00:00,6.1,13.8118516,100.5535825,Air4Thai,Unknown Governmental Organization
368407,Wacchirabenchatat Park,2076220,2026-08-26 15:00:00+00:00,6.2,13.8118516,100.5535825,Air4Thai,Unknown Governmental Organization
368407,Wacchirabenchatat Park,2076220,2026-08-26 16:00:00+00:00,6.0,13.8118516,100.5535825,Air4Thai,Unknown Governmental Organization
368408,Phra Nakhon Park,2076228,2026-08-26 05:00:00+00:00,6.9,13.7201042,100.7807077,Air4Thai,Unknown Governmental Organization
368408,Phra Nakhon Park,2076228,2026-08-26 06:00:00+00:00,6.7,13.7201042,100.7807077,Air4Thai,Unknown Governmental Organization
368408,Phra Nakhon Park,2076228,2026-08-26 07:00:00+00:00,6.6,13.7201042,100.7807077,Air4Thai,Unknown Governmental Organization
368408,Phra Nakhon Park,2076228,2026-08-26 08:00:00+00:00,6.2,13.7201042,100.7807077,Air4Thai,Unknown Governmental Organization
368408,Phra Nakhon Park,2076228,2026-08-26 09:00:00+00:00,6.5,13.7201042,100.7807077,Air4Thai,Unknown Governmental Organization
368408,Phra Nakhon Park,2076228,2026-08-26 10:00:00+00:00,6.2,13.7201042,100.7807077,Air4Thai,Unknown Governmental Organization
368408,Phra Nakhon Park,2076228,2026-08-26 11:00:00+00:00,5.9,13.7201042,100.7807077,Air4Thai,Unknown Governmental Organization
368408,Phra Nakhon Park,2076228,2026-08-26 12:00:00+00:00,5.7,13.7201042,100.7807077,Air4Thai,Unknown Governmental Organization
368408,Phra Nakhon Park,2076228,2026-08-26 13:00:00+00:00,5.8,13.7201042,100.7807077,Air4Thai,Unknown Governmental Organization
368408,Phra Nakhon Park,2076228,2026-08-26 14:00:00+00:00,5.9,13.7201042,100.7807077,Air4Thai,Unknown Governmental Organization
368408,Phra Nakhon Park,2076228,2026-08-26 15:00:00+00:00,5.8,13.7201042,100.7807077,Air4Thai,Unknown Governmental Organization
368408,Phra Nakhon Park,2076228,2026-08-26 16:00:00+00:00,5.8,13.7201042,100.7807077,Air4Thai,Unknown Governmental Organization
368485,Benchasiri Park,2076618,2026-08-26 05:00:00+00:00,8.4,13.7304916,100.5684634,Air4Thai,Unknown Governmental Organization
368485,Benchasiri Park,2076618,2026-08-26 06:00:00+00:00,8.6,13.7304916,100.5684634,Air4Thai,Unknown Governmental Organization
368485,Benchasiri Park,2076618,2026-08-26 07:00:00+00:00,8.4,13.7304916,100.5684634,Air4Thai,Unknown Governmental Organization
368485,Benchasiri Park,2076618,2026-08-26 08:00:00+00:00,8.1,13.7304916,100.5684634,Air4Thai,Unknown Governmental Organization
368485,Benchasiri Park,2076618,2026-08-26 09:00:00+00:00,7.7,13.7304916,100.5684634,Air4Thai,Unknown Governmental Organization
368485,Benchasiri Park,2076618,2026-08-26 10:00:00+00:00,8.0,13.7304916,100.5684634,Air4Thai,Unknown Governmental Organization
368485,Benchasiri Park,2076618,2026-08-26 11:00:00+00:00,7.7,13.7304916,100.5684634,Air4Thai,Unknown Governmental Organization
368485,Benchasiri Park,2076618,2026-08-26 12:00:00+00:00,7.5,13.7304916,100.5684634,Air4Thai,Unknown Governmental Organization
368485,Benchasiri Park,2076618,2026-08-26 13:00:00+00:00,7.6,13.7304916,100.5684634,Air4Thai,Unknown Governmental Organization
368485,Benchasiri Park,2076618,2026-08-26 14:00:00+00:00,7.8,13.7304916,100.5684634,Air4Thai,Unknown Governmental Organization
368485,Benchasiri Park,2076618,2026-08-26 15:00:00+00:00,7.7,13.7304916,100.5684634,Air4Thai,Unknown Governmental Organization
368485,Benchasiri Park,2076618,2026-08-26 16:00:00+00:00,7.5,13.7304916,100.5684634,Air4Thai,Unknown Governmental Organization
385742,Chaloem Phra Kiat Water Park,2158912,2026-08-26 05:00:00+00:00,10.0,14.606306,100.453589,Air4Thai,Unknown Governmental Organization
385742,Chaloem Phra Kiat Water Park,2158912,2026-08-26 06:00:00+00:00,9.9,14.606306,100.453589,Air4Thai,Unknown Governmental Organization
385742,Chaloem Phra Kiat Water Park,2158912,2026-08-26 07:00:00+00:00,9.7,14.606306,100.453589,Air4Thai,Unknown Governmental Organization
385742,Chaloem Phra Kiat Water Park,2158912,2026-08-26 08:00:00+00:00,9.6,14.606306,100.453589,Air4Thai,Unknown Governmental Organization
385742,Chaloem Phra Kiat Water Park,2158912,2026-08-26 09:00:00+00:00,9.5,14.606306,100.453589,Air4Thai,Unknown Governmental Organization
385742,Chaloem Phra Kiat Water Park,2158912,2026-08-26 10:00:00+00:00,9.3,14.606306,100.453589,Air4Thai,Unknown Governmental Organization
385742,Chaloem Phra Kiat Water Park,2158912,2026-08-26 11:00:00+00:00,9.2,14.606306,100.453589,Air4Thai,Unknown Governmental Organization
385742,Chaloem Phra Kiat Water Park,2158912,2026-08-26 12:00:00+00:00,8.9,14.606306,100.453589,Air4Thai,Unknown Governmental Organization
385742,Chaloem Phra Kiat Water Park,2158912,2026-08-26 13:00:00+00:00,8.9,14.606306,100.453589,Air4Thai,Unknown Governmental Organization
385742,Chaloem Phra Kiat Water Park,2158912,2026-08-26 14:00:00+00:00,9.0,14.606306,100.453589,Air4Thai,Unknown Governmental Organization
385742,Chaloem Phra Kiat Water Park,2158912,2026-08-26 15:00:00+00:00,9.1,14.606306,100.453589,Air4Thai,Unknown Governmental Organization
385742,Chaloem Phra Kiat Water Park,2158912,2026-08-26 16:00:00+00:00,9.1,14.606306,100.453589,Air4Thai,Unknown Governmental Organization
1650686,Mueang Chaiyaphum Municipality Stadium,7093737,2026-08-26 05:00:00+00:00,14.5,15.81148,102.02281,Air4Thai,Unknown Governmental Organization
1650686,Mueang Chaiyaphum Municipality Stadium,7093737,2026-08-26 06:00:00+00:00,14.0,15.81148,102.02281,Air4Thai,Unknown Governmental Organization
1650686,Mueang Chaiyaphum Municipality Stadium,7093737,2026-08-26 07:00:00+00:00,14.1,15.81148,102.02281,Air4Thai,Unknown Governmental Organization
1650686,Mueang Chaiyaphum Municipality Stadium,7093737,2026-08-26 08:00:00+00:00,14.4,15.81148,102.02281,Air4Thai,Unknown Governmental Organization
1650686,Mueang Chaiyaphum Municipality Stadium,7093737,2026-08-26 09:00:00+00:00,14.3,15.81148,102.02281,Air4Thai,Unknown Governmental Organization
1650686,Mueang Chaiyaphum Municipality Stadium,7093737,2026-08-26 10:00:00+00:00,14.2,15.81148,102.02281,Air4Thai,Unknown Governmental Organization
1650686,Mueang Chaiyaphum Municipality Stadium,7093737,2026-08-26 11:00:00+00:00,13.9,15.81148,102.02281,Air4Thai,Unknown Governmental Organization
1650686,Mueang Chaiyaphum Municipality Stadium,7093737,2026-08-26 12:00:00+00:00,13.7,15.81148,102.02281,Air4Thai,Unknown Governmental Organization
1650686,Mueang Chaiyaphum Municipality Stadium,7093737,2026-08-26 13:00:00+00:00,13.6,15.81148,102.02281,Air4Thai,Unknown Governmental Organization
1650686,Mueang Chaiyaphum Municipality Stadium,7093737,2026-08-26 14:00:00+00:00,13.4,15.81148,102.02281,Air4Thai,Unknown Governmental Organization
1650686,Mueang Chaiyaphum Municipality Stadium,7093737,2026-08-26 15:00:00+00:00,12.9,15.81148,102.02281,Air4Thai,Unknown Governmental Organization
1650686,Mueang Chaiyaphum Municipality Stadium,7093737,2026-08-26 16:00:00+00:00,12.3,15.81148,102.02281,Air4Thai,Unknown Governmental Organization
1650687,Phaya Thaen Public Park,7093739,2026-08-26 05:00:00+00:00,15.3,15.783860999999998,104.154639,Air4Thai,Unknown Governmental Organization
1650687,Phaya Thaen Public Park,7093739,2026-08-26 06:00:00+00:00,12.6,15.783860999999998,104.154639,Air4Thai,Unknown Governmental Organization
1650687,Phaya Thaen Public Park,7093739,2026-08-26 07:00:00+00:00,12.4,15.783860999999998,104.154639,Air4Thai,Unknown Governmental Organization
1650687,Phaya Thaen Public Park,7093739,2026-08-26 08:00:00+00:00,12.1,15.783860999999998,104.154639,Air4Thai,Unknown Governmental Organization
1650687,Phaya Thaen Public Park,7093739,2026-08-26 09:00:00+00:00,12.0,15.783860999999998,104.154639,Air4Thai,Unknown Governmental Organization
1650687,Phaya Thaen Public Park,7093739,2026-08-26 10:00:00+00:00,12.0,15.783860999999998,104.154639,Air4Thai,Unknown Governmental Organization
1650687,Phaya Thaen Public Park,7093739,2026-08-26 11:00:00+00:00,12.0,15.783860999999998,104.154639,Air4Thai,Unknown Governmental Organization
1650687,Phaya Thaen Public Park,7093739,2026-08-26 12:00:00+00:00,11.9,15.783860999999998,104.154639,Air4Thai,Unknown Governmental Organization
1650687,Phaya Thaen Public Park,7093739,2026-08-26 13:00:00+00:00,11.2,15.783860999999998,104.154639,Air4Thai,Unknown Governmental Organization
1650687,Phaya Thaen Public Park,7093739,2026-08-26 14:00:00+00:00,11.0,15.783860999999998,104.154639,Air4Thai,Unknown Governmental Organization
1650687,Phaya Thaen Public Park,7093739,2026-08-26 15:00:00+00:00,10.7,15.783860999999998,104.154639,Air4Thai,Unknown Governmental Organization
1650687,Phaya Thaen Public Park,7093739,2026-08-26 16:00:00+00:00,10.4,15.783860999999998,104.154639,Air4Thai,Unknown Governmental Organization
1650688,SINGBURI SCHOOL,7093743,2026-08-26 05:00:00+00:00,11.1,14.8933874,100.4130773,Air4Thai,Unknown Governmental Organization
1650688,SINGBURI SCHOOL,7093743,2026-08-26 06:00:00+00:00,11.0,14.8933874,100.4130773,Air4Thai,Unknown Governmental Organization
1650688,SINGBURI SCHOOL,7093743,2026-08-26 07:00:00+00:00,11.2,14.8933874,100.4130773,Air4Thai,Unknown Governmental Organization
1650688,SINGBURI SCHOOL,7093743,2026-08-26 08:00:00+00:00,11.3,14.8933874,100.4130773,Air4Thai,Unknown Governmental Organization
1650688,SINGBURI SCHOOL,7093743,2026-08-26 09:00:00+00:00,11.4,14.8933874,100.4130773,Air4Thai,Unknown Governmental Organization
1650688,SINGBURI SCHOOL,7093743,2026-08-26 10:00:00+00:00,11.1,14.8933874,100.4130773,Air4Thai,Unknown Governmental Organization
1650688,SINGBURI SCHOOL,7093743,2026-08-26 11:00:00+00:00,10.6,14.8933874,100.4130773,Air4Thai,Unknown Governmental Organization
1650688,SINGBURI SCHOOL,7093743,2026-08-26 12:00:00+00:00,10.8,14.8933874,100.4130773,Air4Thai,Unknown Governmental Organization
1650688,SINGBURI SCHOOL,7093743,2026-08-26 13:00:00+00:00,10.8,14.8933874,100.4130773,Air4Thai,Unknown Governmental Organization
1650688,SINGBURI SCHOOL,7093743,2026-08-26 14:00:00+00:00,10.6,14.8933874,100.4130773,Air4Thai,Unknown Governmental Organization
1650688,SINGBURI SCHOOL,7093743,2026-08-26 15:00:00+00:00,10.5,14.8933874,100.4130773,Air4Thai,Unknown Governmental Organization
1650688,SINGBURI SCHOOL,7093743,2026-08-26 16:00:00+00:00,10.5,14.8933874,100.4130773,Air4Thai,Unknown Governmental Organization
1785688,Amnat Charoen Municipality,7338554,2026-08-26 05:00:00+00:00,12.6,15.875800000000002,104.6223,Air4Thai,Unknown Governmental Organization
1785688,Amnat Charoen Municipality,7338554,2026-08-26 06:00:00+00:00,12.4,15.875800000000002,104.6223,Air4Thai,Unknown Governmental Organization
1785688,Amnat Charoen Municipality,7338554,2026-08-26 07:00:00+00:00,12.1,15.875800000000002,104.6223,Air4Thai,Unknown Governmental Organization
1785688,Amnat Charoen Municipality,7338554,2026-08-26 08:00:00+00:00,11.8,15.875800000000002,104.6223,Air4Thai,Unknown Governmental Organization
1785688,Amnat Charoen Municipality,7338554,2026-08-26 09:00:00+00:00,11.8,15.875800000000002,104.6223,Air4Thai,Unknown Governmental Organization
1785688,Amnat Charoen Municipality,7338554,2026-08-26 10:00:00+00:00,11.9,15.875800000000002,104.6223,Air4Thai,Unknown Governmental Organization
1785688,Amnat Charoen Municipality,7338554,2026-08-26 11:00:00+00:00,11.3,15.875800000000002,104.6223,Air4Thai,Unknown Governmental Organization
1785688,Amnat Charoen Municipality,7338554,2026-08-26 12:00:00+00:00,11.0,15.875800000000002,104.6223,Air4Thai,Unknown Governmental Organization
1785688,Amnat Charoen Municipality,7338554,2026-08-26 13:00:00+00:00,11.3,15.875800000000002,104.6223,Air4Thai,Unknown Governmental Organization
1785688,Amnat Charoen Municipality,7338554,2026-08-26 14:00:00+00:00,11.6,15.875800000000002,104.6223,Air4Thai,Unknown Governmental Organization
1785688,Amnat Charoen Municipality,7338554,2026-08-26 15:00:00+00:00,11.9,15.875800000000002,104.6223,Air4Thai,Unknown Governmental Organization
1785688,Amnat Charoen Municipality,7338554,2026-08-26 16:00:00+00:00,11.5,15.875800000000002,104.6223,Air4Thai,Unknown Governmental Organization
1785690,KAENG DON KLANG PARK,7338537,2026-08-26 05:00:00+00:00,13.0,16.4436,103.51299999999999,Air4Thai,Unknown Governmental Organization
1785690,KAENG DON KLANG PARK,7338537,2026-08-26 06:00:00+00:00,13.0,16.4436,103.51299999999999,Air4Thai,Unknown Governmental Organization
1785690,KAENG DON KLANG PARK,7338537,2026-08-26 07:00:00+00:00,12.9,16.4436,103.51299999999999,Air4Thai,Unknown Governmental Organization
1785690,KAENG DON KLANG PARK,7338537,2026-08-26 08:00:00+00:00,12.8,16.4436,103.51299999999999,Air4Thai,Unknown Governmental Organization
1785690,KAENG DON KLANG PARK,7338537,2026-08-26 09:00:00+00:00,12.5,16.4436,103.51299999999999,Air4Thai,Unknown Governmental Organization
1785690,KAENG DON KLANG PARK,7338537,2026-08-26 10:00:00+00:00,12.2,16.4436,103.51299999999999,Air4Thai,Unknown Governmental Organization
1785690,KAENG DON KLANG PARK,7338537,2026-08-26 11:00:00+00:00,12.2,16.4436,103.51299999999999,Air4Thai,Unknown Governmental Organization
1785690,KAENG DON KLANG PARK,7338537,2026-08-26 12:00:00+00:00,12.1,16.4436,103.51299999999999,Air4Thai,Unknown Governmental Organization
1785690,KAENG DON KLANG PARK,7338537,2026-08-26 13:00:00+00:00,12.1,16.4436,103.51299999999999,Air4Thai,Unknown Governmental Organization
1785690,KAENG DON KLANG PARK,7338537,2026-08-26 14:00:00+00:00,12.0,16.4436,103.51299999999999,Air4Thai,Unknown Governmental Organization
1785690,KAENG DON KLANG PARK,7338537,2026-08-26 15:00:00+00:00,12.1,16.4436,103.51299999999999,Air4Thai,Unknown Governmental Organization
1785690,KAENG DON KLANG PARK,7338537,2026-08-26 16:00:00+00:00,12.1,16.4436,103.51299999999999,Air4Thai,Unknown Governmental Organization
1785691,Nakhon Nayok Municipality Public Health Service Center,7338558,2026-08-26 05:00:00+00:00,10.3,14.204219999999998,101.21509,Air4Thai,Unknown Governmental Organization
1785691,Nakhon Nayok Municipality Public Health Service Center,7338558,2026-08-26 06:00:00+00:00,10.1,14.204219999999998,101.21509,Air4Thai,Unknown Governmental Organization
1785691,Nakhon Nayok Municipality Public Health Service Center,7338558,2026-08-26 07:00:00+00:00,10.1,14.204219999999998,101.21509,Air4Thai,Unknown Governmental Organization
1785691,Nakhon Nayok Municipality Public Health Service Center,7338558,2026-08-26 08:00:00+00:00,10.0,14.204219999999998,101.21509,Air4Thai,Unknown Governmental Organization
1785691,Nakhon Nayok Municipality Public Health Service Center,7338558,2026-08-26 09:00:00+00:00,10.0,14.204219999999998,101.21509,Air4Thai,Unknown Governmental Organization
1785691,Nakhon Nayok Municipality Public Health Service Center,7338558,2026-08-26 10:00:00+00:00,9.9,14.204219999999998,101.21509,Air4Thai,Unknown Governmental Organization
1785691,Nakhon Nayok Municipality Public Health Service Center,7338558,2026-08-26 11:00:00+00:00,9.8,14.204219999999998,101.21509,Air4Thai,Unknown Governmental Organization
1785691,Nakhon Nayok Municipality Public Health Service Center,7338558,2026-08-26 12:00:00+00:00,9.8,14.204219999999998,101.21509,Air4Thai,Unknown Governmental Organization
1785691,Nakhon Nayok Municipality Public Health Service Center,7338558,2026-08-26 13:00:00+00:00,9.8,14.204219999999998,101.21509,Air4Thai,Unknown Governmental Organization
1785691,Nakhon Nayok Municipality Public Health Service Center,7338558,2026-08-26 14:00:00+00:00,9.9,14.204219999999998,101.21509,Air4Thai,Unknown Governmental Organization
1785691,Nakhon Nayok Municipality Public Health Service Center,7338558,2026-08-26 15:00:00+00:00,9.9,14.204219999999998,101.21509,Air4Thai,Unknown Governmental Organization
1785691,Nakhon Nayok Municipality Public Health Service Center,7338558,2026-08-26 16:00:00+00:00,10.2,14.204219999999998,101.21509,Air4Thai,Unknown Governmental Organization
1785692,Nong Bueng Kan Park,7338540,2026-08-26 05:00:00+00:00,8.5,18.362008,103.65977000000001,Air4Thai,Unknown Governmental Organization
1785692,Nong Bueng Kan Park,7338540,2026-08-26 06:00:00+00:00,8.3,18.362008,103.65977000000001,Air4Thai,Unknown Governmental Organization
1785692,Nong Bueng Kan Park,7338540,2026-08-26 07:00:00+00:00,8.1,18.362008,103.65977000000001,Air4Thai,Unknown Governmental Organization
1785692,Nong Bueng Kan Park,7338540,2026-08-26 08:00:00+00:00,8.1,18.362008,103.65977000000001,Air4Thai,Unknown Governmental Organization
1785692,Nong Bueng Kan Park,7338540,2026-08-26 09:00:00+00:00,8.2,18.362008,103.65977000000001,Air4Thai,Unknown Governmental Organization
1785692,Nong Bueng Kan Park,7338540,2026-08-26 10:00:00+00:00,8.2,18.362008,103.65977000000001,Air4Thai,Unknown Governmental Organization
1785692,Nong Bueng Kan Park,7338540,2026-08-26 11:00:00+00:00,8.2,18.362008,103.65977000000001,Air4Thai,Unknown Governmental Organization
1785692,Nong Bueng Kan Park,7338540,2026-08-26 12:00:00+00:00,8.1,18.362008,103.65977000000001,Air4Thai,Unknown Governmental Organization
1785692,Nong Bueng Kan Park,7338540,2026-08-26 13:00:00+00:00,8.1,18.362008,103.65977000000001,Air4Thai,Unknown Governmental Organization
1785692,Nong Bueng Kan Park,7338540,2026-08-26 14:00:00+00:00,8.1,18.362008,103.65977000000001,Air4Thai,Unknown Governmental Organization
1785692,Nong Bueng Kan Park,7338540,2026-08-26 15:00:00+00:00,8.1,18.362008,103.65977000000001,Air4Thai,Unknown Governmental Organization
1785692,Nong Bueng Kan Park,7338540,2026-08-26 16:00:00+00:00,7.9,18.362008,103.65977000000001,Air4Thai,Unknown Governmental Organization
1785694,Surin Meteorological Center,7338551,2026-08-26 05:00:00+00:00,9.0,14.8762222,103.4965833,Air4Thai,Unknown Governmental Organization
1785694,Surin Meteorological Center,7338551,2026-08-26 06:00:00+00:00,8.8,14.8762222,103.4965833,Air4Thai,Unknown Governmental Organization
1785694,Surin Meteorological Center,7338551,2026-08-26 07:00:00+00:00,8.6,14.8762222,103.4965833,Air4Thai,Unknown Governmental Organization
1785694,Surin Meteorological Center,7338551,2026-08-26 08:00:00+00:00,8.4,14.8762222,103.4965833,Air4Thai,Unknown Governmental Organization
1785694,Surin Meteorological Center,7338551,2026-08-26 09:00:00+00:00,8.2,14.8762222,103.4965833,Air4Thai,Unknown Governmental Organization
1785694,Surin Meteorological Center,7338551,2026-08-26 10:00:00+00:00,7.9,14.8762222,103.4965833,Air4Thai,Unknown Governmental Organization
1785694,Surin Meteorological Center,7338551,2026-08-26 11:00:00+00:00,7.7,14.8762222,103.4965833,Air4Thai,Unknown Governmental Organization
1785694,Surin Meteorological Center,7338551,2026-08-26 12:00:00+00:00,7.5,14.8762222,103.4965833,Air4Thai,Unknown Governmental Organization
1785694,Surin Meteorological Center,7338551,2026-08-26 13:00:00+00:00,7.1,14.8762222,103.4965833,Air4Thai,Unknown Governmental Organization
1785694,Surin Meteorological Center,7338551,2026-08-26 14:00:00+00:00,6.8,14.8762222,103.4965833,Air4Thai,Unknown Governmental Organization
1785694,Surin Meteorological Center,7338551,2026-08-26 15:00:00+00:00,6.5,14.8762222,103.4965833,Air4Thai,Unknown Governmental Organization
1785694,Surin Meteorological Center,7338551,2026-08-26 16:00:00+00:00,6.4,14.8762222,103.4965833,Air4Thai,Unknown Governmental Organization
1873401,Sisaket Meteorological Center,7443668,2026-08-26 05:00:00+00:00,9.4,15.087087,104.326787,Air4Thai,Unknown Governmental Organization
1873401,Sisaket Meteorological Center,7443668,2026-08-26 06:00:00+00:00,9.2,15.087087,104.326787,Air4Thai,Unknown Governmental Organization
1873401,Sisaket Meteorological Center,7443668,2026-08-26 07:00:00+00:00,9.0,15.087087,104.326787,Air4Thai,Unknown Governmental Organization
1873401,Sisaket Meteorological Center,7443668,2026-08-26 08:00:00+00:00,8.8,15.087087,104.326787,Air4Thai,Unknown Governmental Organization
1873401,Sisaket Meteorological Center,7443668,2026-08-26 09:00:00+00:00,8.6,15.087087,104.326787,Air4Thai,Unknown Governmental Organization
1873401,Sisaket Meteorological Center,7443668,2026-08-26 10:00:00+00:00,8.4,15.087087,104.326787,Air4Thai,Unknown Governmental Organization
1873401,Sisaket Meteorological Center,7443668,2026-08-26 11:00:00+00:00,8.3,15.087087,104.326787,Air4Thai,Unknown Governmental Organization
1873401,Sisaket Meteorological Center,7443668,2026-08-26 12:00:00+00:00,8.1,15.087087,104.326787,Air4Thai,Unknown Governmental Organization
1873401,Sisaket Meteorological Center,7443668,2026-08-26 13:00:00+00:00,7.8,15.087087,104.326787,Air4Thai,Unknown Governmental Organization
1873401,Sisaket Meteorological Center,7443668,2026-08-26 14:00:00+00:00,7.4,15.087087,104.326787,Air4Thai,Unknown Governmental Organization
1873401,Sisaket Meteorological Center,7443668,2026-08-26 15:00:00+00:00,7.1,15.087087,104.326787,Air4Thai,Unknown Governmental Organization
1873401,Sisaket Meteorological Center,7443668,2026-08-26 16:00:00+00:00,7.0,15.087087,104.326787,Air4Thai,Unknown Governmental Organization
1993935,Nong Bua Lamphu Provincial Administrative Organization,7576283,2026-08-26 05:00:00+00:00,10.1,17.193824,102.4585009,Air4Thai,Unknown Governmental Organization
1993935,Nong Bua Lamphu Provincial Administrative Organization,7576283,2026-08-26 06:00:00+00:00,9.9,17.193824,102.4585009,Air4Thai,Unknown Governmental Organization
1993935,Nong Bua Lamphu Provincial Administrative Organization,7576283,2026-08-26 07:00:00+00:00,9.5,17.193824,102.4585009,Air4Thai,Unknown Governmental Organization
1993935,Nong Bua Lamphu Provincial Administrative Organization,7576283,2026-08-26 08:00:00+00:00,9.4,17.193824,102.4585009,Air4Thai,Unknown Governmental Organization
1993935,Nong Bua Lamphu Provincial Administrative Organization,7576283,2026-08-26 09:00:00+00:00,9.3,17.193824,102.4585009,Air4Thai,Unknown Governmental Organization
1993935,Nong Bua Lamphu Provincial Administrative Organization,7576283,2026-08-26 10:00:00+00:00,9.1,17.193824,102.4585009,Air4Thai,Unknown Governmental Organization
1993935,Nong Bua Lamphu Provincial Administrative Organization,7576283,2026-08-26 11:00:00+00:00,8.8,17.193824,102.4585009,Air4Thai,Unknown Governmental Organization
1993935,Nong Bua Lamphu Provincial Administrative Organization,7576283,2026-08-26 12:00:00+00:00,8.7,17.193824,102.4585009,Air4Thai,Unknown Governmental Organization
1993935,Nong Bua Lamphu Provincial Administrative Organization,7576283,2026-08-26 13:00:00+00:00,8.8,17.193824,102.4585009,Air4Thai,Unknown Governmental Organization
1993935,Nong Bua Lamphu Provincial Administrative Organization,7576283,2026-08-26 14:00:00+00:00,8.9,17.193824,102.4585009,Air4Thai,Unknown Governmental Organization
1993935,Nong Bua Lamphu Provincial Administrative Organization,7576283,2026-08-26 15:00:00+00:00,9.1,17.193824,102.4585009,Air4Thai,Unknown Governmental Organization
1993935,Nong Bua Lamphu Provincial Administrative Organization,7576283,2026-08-26 16:00:00+00:00,9.4,17.193824,102.4585009,Air4Thai,Unknown Governmental Organization
3047300,"Sports Stadium, Chumphon Province",10494201,2026-08-26 05:00:00+00:00,10.5,10.495142389105824,99.18935409512319,Air4Thai,Unknown Governmental Organization
3047300,"Sports Stadium, Chumphon Province",10494201,2026-08-26 06:00:00+00:00,10.4,10.495142389105824,99.18935409512319,Air4Thai,Unknown Governmental Organization
3047300,"Sports Stadium, Chumphon Province",10494201,2026-08-26 07:00:00+00:00,10.3,10.495142389105824,99.18935409512319,Air4Thai,Unknown Governmental Organization
3047300,"Sports Stadium, Chumphon Province",10494201,2026-08-26 08:00:00+00:00,10.2,10.495142389105824,99.18935409512319,Air4Thai,Unknown Governmental Organization
3047300,"Sports Stadium, Chumphon Province",10494201,2026-08-26 09:00:00+00:00,10.2,10.495142389105824,99.18935409512319,Air4Thai,Unknown Governmental Organization
3047300,"Sports Stadium, Chumphon Province",10494201,2026-08-26 10:00:00+00:00,10.2,10.495142389105824,99.18935409512319,Air4Thai,Unknown Governmental Organization
3047300,"Sports Stadium, Chumphon Province",10494201,2026-08-26 11:00:00+00:00,10.2,10.495142389105824,99.18935409512319,Air4Thai,Unknown Governmental Organization
3047300,"Sports Stadium, Chumphon Province",10494201,2026-08-26 12:00:00+00:00,10.1,10.495142389105824,99.18935409512319,Air4Thai,Unknown Governmental Organization
3047300,"Sports Stadium, Chumphon Province",10494201,2026-08-26 13:00:00+00:00,10.1,10.495142389105824,99.18935409512319,Air4Thai,Unknown Governmental Organization
3047300,"Sports Stadium, Chumphon Province",10494201,2026-08-26 14:00:00+00:00,10.0,10.495142389105824,99.18935409512319,Air4Thai,Unknown Governmental Organization
3047300,"Sports Stadium, Chumphon Province",10494201,2026-08-26 15:00:00+00:00,9.6,10.495142389105824,99.18935409512319,Air4Thai,Unknown Governmental Organization
3047300,"Sports Stadium, Chumphon Province",10494201,2026-08-26 16:00:00+00:00,9.3,10.495142389105824,99.18935409512319,Air4Thai,Unknown Governmental Organization
3345345,Rayong Provincial Stadium,11863289,2026-08-26 05:00:00+00:00,12.4,12.678917,101.234664,Air4Thai,Unknown Governmental Organization
3345345,Rayong Provincial Stadium,11863289,2026-08-26 06:00:00+00:00,12.1,12.678917,101.234664,Air4Thai,Unknown Governmental Organization
3345345,Rayong Provincial Stadium,11863289,2026-08-26 07:00:00+00:00,11.7,12.678917,101.234664,Air4Thai,Unknown Governmental Organization
3345345,Rayong Provincial Stadium,11863289,2026-08-26 08:00:00+00:00,11.1,12.678917,101.234664,Air4Thai,Unknown Governmental Organization
3345345,Rayong Provincial Stadium,11863289,2026-08-26 09:00:00+00:00,10.7,12.678917,101.234664,Air4Thai,Unknown Governmental Organization
3345345,Rayong Provincial Stadium,11863289,2026-08-26 10:00:00+00:00,10.4,12.678917,101.234664,Air4Thai,Unknown Governmental Organization
3345345,Rayong Provincial Stadium,11863289,2026-08-26 11:00:00+00:00,10.3,12.678917,101.234664,Air4Thai,Unknown Governmental Organization
3345345,Rayong Provincial Stadium,11863289,2026-08-26 12:00:00+00:00,10.2,12.678917,101.234664,Air4Thai,Unknown Governmental Organization
3345345,Rayong Provincial Stadium,11863289,2026-08-26 13:00:00+00:00,10.1,12.678917,101.234664,Air4Thai,Unknown Governmental Organization
3345345,Rayong Provincial Stadium,11863289,2026-08-26 14:00:00+00:00,10.0,12.678917,101.234664,Air4Thai,Unknown Governmental Organization
3345345,Rayong Provincial Stadium,11863289,2026-08-26 15:00:00+00:00,10.0,12.678917,101.234664,Air4Thai,Unknown Governmental Organization
3345345,Rayong Provincial Stadium,11863289,2026-08-26 16:00:00+00:00,10.0,12.678917,101.234664,Air4Thai,Unknown Governmental Organization
3347581,Pramuan Suk Health Park,11880411,2026-08-26 05:00:00+00:00,10.9,16.177283,103.29982399999999,Air4Thai,Unknown Governmental Organization
3347581,Pramuan Suk Health Park,11880411,2026-08-26 06:00:00+00:00,10.9,16.177283,103.29982399999999,Air4Thai,Unknown Governmental Organization
3347581,Pramuan Suk Health Park,11880411,2026-08-26 07:00:00+00:00,10.8,16.177283,103.29982399999999,Air4Thai,Unknown Governmental Organization
3347581,Pramuan Suk Health Park,11880411,2026-08-26 08:00:00+00:00,10.8,16.177283,103.29982399999999,Air4Thai,Unknown Governmental Organization
3347581,Pramuan Suk Health Park,11880411,2026-08-26 09:00:00+00:00,10.8,16.177283,103.29982399999999,Air4Thai,Unknown Governmental Organization
3347581,Pramuan Suk Health Park,11880411,2026-08-26 10:00:00+00:00,10.8,16.177283,103.29982399999999,Air4Thai,Unknown Governmental Organization
3347581,Pramuan Suk Health Park,11880411,2026-08-26 11:00:00+00:00,10.9,16.177283,103.29982399999999,Air4Thai,Unknown Governmental Organization
3347581,Pramuan Suk Health Park,11880411,2026-08-26 12:00:00+00:00,10.8,16.177283,103.29982399999999,Air4Thai,Unknown Governmental Organization
3347581,Pramuan Suk Health Park,11880411,2026-08-26 13:00:00+00:00,10.8,16.177283,103.29982399999999,Air4Thai,Unknown Governmental Organization
3347581,Pramuan Suk Health Park,11880411,2026-08-26 14:00:00+00:00,10.8,16.177283,103.29982399999999,Air4Thai,Unknown Governmental Organization
3347581,Pramuan Suk Health Park,11880411,2026-08-26 15:00:00+00:00,10.9,16.177283,103.29982399999999,Air4Thai,Unknown Governmental Organization
3347581,Pramuan Suk Health Park,11880411,2026-08-26 16:00:00+00:00,10.9,16.177283,103.29982399999999,Air4Thai,Unknown Governmental Organization
4946812,Công viên Nhân Chính - Khuất Duy Tiến,13502151,2026-08-26 05:00:00+00:00,32.5,21.0031,105.79470000000002,Hanoi Air Quality Monitoring Network,Unknown Governmental Organization
4946812,Công viên Nhân Chính - Khuất Duy Tiến,13502151,2026-08-26 06:00:00+00:00,20.7,21.0031,105.79470000000002,Hanoi Air Quality Monitoring Network,Unknown Governmental Organization
4946812,Công viên Nhân Chính - Khuất Duy Tiến,13502151,2026-08-26 07:00:00+00:00,15.4,21.0031,105.79470000000002,Hanoi Air Quality Monitoring Network,Unknown Governmental Organization
4946812,Công viên Nhân Chính - Khuất Duy Tiến,13502151,2026-08-26 08:00:00+00:00,19.2,21.0031,105.79470000000002,Hanoi Air Quality Monitoring Network,Unknown Governmental Organization
4946812,Công viên Nhân Chính - Khuất Duy Tiến,13502151,2026-08-26 09:00:00+00:00,20.5,21.0031,105.79470000000002,Hanoi Air Quality Monitoring Network,Unknown Governmental Organization
4946812,Công viên Nhân Chính - Khuất Duy Tiến,13502151,2026-08-26 10:00:00+00:00,19.5,21.0031,105.79470000000002,Hanoi Air Quality Monitoring Network,Unknown Governmental Organization
4946812,Công viên Nhân Chính - Khuất Duy Tiến,13502151,2026-08-26 11:00:00+00:00,14.8,21.0031,105.79470000000002,Hanoi Air Quality Monitoring Network,Unknown Governmental Organization
4946812,Công viên Nhân Chính - Khuất Duy Tiến,13502151,2026-08-26 12:00:00+00:00,6.37,21.0031,105.79470000000002,Hanoi Air Quality Monitoring Network,Unknown Governmental Organization
4946812,Công viên Nhân Chính - Khuất Duy Tiến,13502151,2026-08-26 13:00:00+00:00,15.4,21.0031,105.79470000000002,Hanoi Air Quality Monitoring Network,Unknown Governmental Organization
4946812,Công viên Nhân Chính - Khuất Duy Tiến,13502151,2026-08-26 14:00:00+00:00,29.8,21.0031,105.79470000000002,Hanoi Air Quality Monitoring Network,Unknown Governmental Organization
4946812,Công viên Nhân Chính - Khuất Duy Tiến,13502151,2026-08-26 15:00:00+00:00,42.9,21.0031,105.79470000000002,Hanoi Air Quality Monitoring Network,Unknown Governmental Organization
4946812,Công viên Nhân Chính - Khuất Duy Tiến,13502151,2026-08-26 16:00:00+00:00,41.7,21.0031,105.79470000000002,Hanoi Air Quality Monitoring Network,Unknown Governmental Organization
4946812,Công viên Nhân Chính - Khuất Duy Tiến,13502151,2026-08-26 17:00:00+00:00,43.1,21.0031,105.79470000000002,Hanoi Air Quality Monitoring Network,Unknown Governmental Organization
4946813,Số 1 đường Giải Phóng - phường Bạch Mai - ĐHBK ,13502154,2026-08-26 05:00:00+00:00,45.0,21.0052,105.8418,Hanoi Air Quality Monitoring Network,Unknown Governmental Organization
4946813,Số 1 đường Giải Phóng - phường Bạch Mai - ĐHBK ,13502154,2026-08-26 06:00:00+00:00,31.3,21.0052,105.8418,Hanoi Air Quality Monitoring Network,Unknown Governmental Organization
4946813,Số 1 đường Giải Phóng - phường Bạch Mai - ĐHBK ,13502154,2026-08-26 07:00:00+00:00,19.3,21.0052,105.8418,Hanoi Air Quality Monitoring Network,Unknown Governmental Organization
4946813,Số 1 đường Giải Phóng - phường Bạch Mai - ĐHBK ,13502154,2026-08-26 08:00:00+00:00,14.1,21.0052,105.8418,Hanoi Air Quality Monitoring Network,Unknown Governmental Organization
4946813,Số 1 đường Giải Phóng - phường Bạch Mai - ĐHBK ,13502154,2026-08-26 09:00:00+00:00,18.8,21.0052,105.8418,Hanoi Air Quality Monitoring Network,Unknown Governmental Organization
4946813,Số 1 đường Giải Phóng - phường Bạch Mai - ĐHBK ,13502154,2026-08-26 10:00:00+00:00,30.2,21.0052,105.8418,Hanoi Air Quality Monitoring Network,Unknown Governmental Organization
4946813,Số 1 đường Giải Phóng - phường Bạch Mai - ĐHBK ,13502154,2026-08-26 11:00:00+00:00,35.6,21.0052,105.8418,Hanoi Air Quality Monitoring Network,Unknown Governmental Organization
4946813,Số 1 đường Giải Phóng - phường Bạch Mai - ĐHBK ,13502154,2026-08-26 12:00:00+00:00,24.8,21.0052,105.8418,Hanoi Air Quality Monitoring Network,Unknown Governmental Organization
4946813,Số 1 đường Giải Phóng - phường Bạch Mai - ĐHBK ,13502154,2026-08-26 13:00:00+00:00,7.49,21.0052,105.8418,Hanoi Air Quality Monitoring Network,Unknown Governmental Organization
4946813,Số 1 đường Giải Phóng - phường Bạch Mai - ĐHBK ,13502154,2026-08-26 14:00:00+00:00,5.74,21.0052,105.8418,Hanoi Air Quality Monitoring Network,Unknown Governmental Organization
4946813,Số 1 đường Giải Phóng - phường Bạch Mai - ĐHBK ,13502154,2026-08-26 15:00:00+00:00,22.6,21.0052,105.8418,Hanoi Air Quality Monitoring Network,Unknown Governmental Organization
4946813,Số 1 đường Giải Phóng - phường Bạch Mai - ĐHBK ,13502154,2026-08-26 16:00:00+00:00,32.6,21.0052,105.8418,Hanoi Air Quality Monitoring Network,Unknown Governmental Organization
4946813,Số 1 đường Giải Phóng - phường Bạch Mai - ĐHBK ,13502154,2026-08-26 17:00:00+00:00,48.4,21.0052,105.8418,Hanoi Air Quality Monitoring Network,Unknown Governmental Organization
5554536,Chalermprakiat Rama IX Park,13952317,2026-08-26 05:00:00+00:00,17.5,15.173475,100.132105,Air4Thai,Unknown Governmental Organization
5554536,Chalermprakiat Rama IX Park,13952317,2026-08-26 06:00:00+00:00,17.2,15.173475,100.132105,Air4Thai,Unknown Governmental Organization
5554536,Chalermprakiat Rama IX Park,13952317,2026-08-26 07:00:00+00:00,16.8,15.173475,100.132105,Air4Thai,Unknown Governmental Organization
5554536,Chalermprakiat Rama IX Park,13952317,2026-08-26 08:00:00+00:00,17.1,15.173475,100.132105,Air4Thai,Unknown Governmental Organization
5554536,Chalermprakiat Rama IX Park,13952317,2026-08-26 09:00:00+00:00,16.3,15.173475,100.132105,Air4Thai,Unknown Governmental Organization
5554536,Chalermprakiat Rama IX Park,13952317,2026-08-26 10:00:00+00:00,14.8,15.173475,100.132105,Air4Thai,Unknown Governmental Organization
5554536,Chalermprakiat Rama IX Park,13952317,2026-08-26 11:00:00+00:00,14.9,15.173475,100.132105,Air4Thai,Unknown Governmental Organization
5554536,Chalermprakiat Rama IX Park,13952317,2026-08-26 12:00:00+00:00,14.5,15.173475,100.132105,Air4Thai,Unknown Governmental Organization
5554536,Chalermprakiat Rama IX Park,13952317,2026-08-26 13:00:00+00:00,14.1,15.173475,100.132105,Air4Thai,Unknown Governmental Organization
5554536,Chalermprakiat Rama IX Park,13952317,2026-08-26 14:00:00+00:00,13.4,15.173475,100.132105,Air4Thai,Unknown Governmental Organization
5554536,Chalermprakiat Rama IX Park,13952317,2026-08-26 15:00:00+00:00,12.2,15.173475,100.132105,Air4Thai,Unknown Governmental Organization
5554536,Chalermprakiat Rama IX Park,13952317,2026-08-26 16:00:00+00:00,11.8,15.173475,100.132105,Air4Thai,Unknown Governmental Organization
5554537,Chaloem Phrakiat Park Station 80th birthday celebration,13952323,2026-08-26 05:00:00+00:00,11.7,15.384667000000002,100.024992,Air4Thai,Unknown Governmental Organization
5554537,Chaloem Phrakiat Park Station 80th birthday celebration,13952323,2026-08-26 06:00:00+00:00,11.4,15.384667000000002,100.024992,Air4Thai,Unknown Governmental Organization
5554537,Chaloem Phrakiat Park Station 80th birthday celebration,13952323,2026-08-26 07:00:00+00:00,11.4,15.384667000000002,100.024992,Air4Thai,Unknown Governmental Organization
5554537,Chaloem Phrakiat Park Station 80th birthday celebration,13952323,2026-08-26 08:00:00+00:00,11.2,15.384667000000002,100.024992,Air4Thai,Unknown Governmental Organization
5554537,Chaloem Phrakiat Park Station 80th birthday celebration,13952323,2026-08-26 09:00:00+00:00,11.0,15.384667000000002,100.024992,Air4Thai,Unknown Governmental Organization
5554537,Chaloem Phrakiat Park Station 80th birthday celebration,13952323,2026-08-26 10:00:00+00:00,11.0,15.384667000000002,100.024992,Air4Thai,Unknown Governmental Organization
5554537,Chaloem Phrakiat Park Station 80th birthday celebration,13952323,2026-08-26 11:00:00+00:00,10.8,15.384667000000002,100.024992,Air4Thai,Unknown Governmental Organization
5554537,Chaloem Phrakiat Park Station 80th birthday celebration,13952323,2026-08-26 12:00:00+00:00,10.7,15.384667000000002,100.024992,Air4Thai,Unknown Governmental Organization
5554537,Chaloem Phrakiat Park Station 80th birthday celebration,13952323,2026-08-26 13:00:00+00:00,10.6,15.384667000000002,100.024992,Air4Thai,Unknown Governmental Organization
5554537,Chaloem Phrakiat Park Station 80th birthday celebration,13952323,2026-08-26 14:00:00+00:00,10.6,15.384667000000002,100.024992,Air4Thai,Unknown Governmental Organization
5554537,Chaloem Phrakiat Park Station 80th birthday celebration,13952323,2026-08-26 15:00:00+00:00,10.4,15.384667000000002,100.024992,Air4Thai,Unknown Governmental Organization
5554537,Chaloem Phrakiat Park Station 80th birthday celebration,13952323,2026-08-26 16:00:00+00:00,10.3,15.384667000000002,100.024992,Air4Thai,Unknown Governmental Organization
5554538,Pattani Provincial Forestry Center,13952328,2026-08-26 05:00:00+00:00,16.6,6.890637,101.250888,Air4Thai,Unknown Governmental Organization
5554538,Pattani Provincial Forestry Center,13952328,2026-08-26 06:00:00+00:00,16.4,6.890637,101.250888,Air4Thai,Unknown Governmental Organization
5554538,Pattani Provincial Forestry Center,13952328,2026-08-26 07:00:00+00:00,15.9,6.890637,101.250888,Air4Thai,Unknown Governmental Organization
5554538,Pattani Provincial Forestry Center,13952328,2026-08-26 08:00:00+00:00,15.7,6.890637,101.250888,Air4Thai,Unknown Governmental Organization
5554538,Pattani Provincial Forestry Center,13952328,2026-08-26 09:00:00+00:00,15.5,6.890637,101.250888,Air4Thai,Unknown Governmental Organization
5554538,Pattani Provincial Forestry Center,13952328,2026-08-26 10:00:00+00:00,15.1,6.890637,101.250888,Air4Thai,Unknown Governmental Organization
5554538,Pattani Provincial Forestry Center,13952328,2026-08-26 11:00:00+00:00,14.8,6.890637,101.250888,Air4Thai,Unknown Governmental Organization
5554538,Pattani Provincial Forestry Center,13952328,2026-08-26 12:00:00+00:00,14.5,6.890637,101.250888,Air4Thai,Unknown Governmental Organization
5554538,Pattani Provincial Forestry Center,13952328,2026-08-26 13:00:00+00:00,14.5,6.890637,101.250888,Air4Thai,Unknown Governmental Organization
5554538,Pattani Provincial Forestry Center,13952328,2026-08-26 14:00:00+00:00,14.5,6.890637,101.250888,Air4Thai,Unknown Governmental Organization
5554538,Pattani Provincial Forestry Center,13952328,2026-08-26 15:00:00+00:00,14.1,6.890637,101.250888,Air4Thai,Unknown Governmental Organization
5554538,Pattani Provincial Forestry Center,13952328,2026-08-26 16:00:00+00:00,13.9,6.890637,101.250888,Air4Thai,Unknown Governmental Organization
5554539,Phatthalung Provincial Stadium,13952333,2026-08-26 05:00:00+00:00,16.1,7.6156514,100.0480234,Air4Thai,Unknown Governmental Organization
5554539,Phatthalung Provincial Stadium,13952333,2026-08-26 06:00:00+00:00,15.7,7.6156514,100.0480234,Air4Thai,Unknown Governmental Organization
5554539,Phatthalung Provincial Stadium,13952333,2026-08-26 07:00:00+00:00,15.4,7.6156514,100.0480234,Air4Thai,Unknown Governmental Organization
5554539,Phatthalung Provincial Stadium,13952333,2026-08-26 08:00:00+00:00,15.2,7.6156514,100.0480234,Air4Thai,Unknown Governmental Organization
5554539,Phatthalung Provincial Stadium,13952333,2026-08-26 09:00:00+00:00,14.8,7.6156514,100.0480234,Air4Thai,Unknown Governmental Organization
5554539,Phatthalung Provincial Stadium,13952333,2026-08-26 10:00:00+00:00,14.6,7.6156514,100.0480234,Air4Thai,Unknown Governmental Organization
5554539,Phatthalung Provincial Stadium,13952333,2026-08-26 11:00:00+00:00,14.2,7.6156514,100.0480234,Air4Thai,Unknown Governmental Organization
5554539,Phatthalung Provincial Stadium,13952333,2026-08-26 12:00:00+00:00,14.0,7.6156514,100.0480234,Air4Thai,Unknown Governmental Organization
5554539,Phatthalung Provincial Stadium,13952333,2026-08-26 13:00:00+00:00,14.3,7.6156514,100.0480234,Air4Thai,Unknown Governmental Organization
5554539,Phatthalung Provincial Stadium,13952333,2026-08-26 14:00:00+00:00,14.6,7.6156514,100.0480234,Air4Thai,Unknown Governmental Organization
5554539,Phatthalung Provincial Stadium,13952333,2026-08-26 15:00:00+00:00,13.5,7.6156514,100.0480234,Air4Thai,Unknown Governmental Organization
5554539,Phatthalung Provincial Stadium,13952333,2026-08-26 16:00:00+00:00,13.1,7.6156514,100.0480234,Air4Thai,Unknown Governmental Organization
6262229,Public Park to commemorate the sixth anniversary of His Majesty the King,15611068,2026-08-26 05:00:00+00:00,10.3,13.685524189587932,100.51830028147444,Air4Thai,Unknown Governmental Organization
6262229,Public Park to commemorate the sixth anniversary of His Majesty the King,15611068,2026-08-26 06:00:00+00:00,10.3,13.685524189587932,100.51830028147444,Air4Thai,Unknown Governmental Organization
6262229,Public Park to commemorate the sixth anniversary of His Majesty the King,15611068,2026-08-26 07:00:00+00:00,10.2,13.685524189587932,100.51830028147444,Air4Thai,Unknown Governmental Organization
6262229,Public Park to commemorate the sixth anniversary of His Majesty the King,15611068,2026-08-26 08:00:00+00:00,10.2,13.685524189587932,100.51830028147444,Air4Thai,Unknown Governmental Organization
6262229,Public Park to commemorate the sixth anniversary of His Majesty the King,15611068,2026-08-26 09:00:00+00:00,9.2,13.685524189587932,100.51830028147444,Air4Thai,Unknown Governmental Organization
6262229,Public Park to commemorate the sixth anniversary of His Majesty the King,15611068,2026-08-26 10:00:00+00:00,7.3,13.685524189587932,100.51830028147444,Air4Thai,Unknown Governmental Organization
6262229,Public Park to commemorate the sixth anniversary of His Majesty the King,15611068,2026-08-26 11:00:00+00:00,7.5,13.685524189587932,100.51830028147444,Air4Thai,Unknown Governmental Organization
6262229,Public Park to commemorate the sixth anniversary of His Majesty the King,15611068,2026-08-26 12:00:00+00:00,7.6,13.685524189587932,100.51830028147444,Air4Thai,Unknown Governmental Organization
6262229,Public Park to commemorate the sixth anniversary of His Majesty the King,15611068,2026-08-26 13:00:00+00:00,7.6,13.685524189587932,100.51830028147444,Air4Thai,Unknown Governmental Organization
6262229,Public Park to commemorate the sixth anniversary of His Majesty the King,15611068,2026-08-26 14:00:00+00:00,7.7,13.685524189587932,100.51830028147444,Air4Thai,Unknown Governmental Organization
6262229,Public Park to commemorate the sixth anniversary of His Majesty the King,15611068,2026-08-26 15:00:00+00:00,7.8,13.685524189587932,100.51830028147444,Air4Thai,Unknown Governmental Organization
6262229,Public Park to commemorate the sixth anniversary of His Majesty the King,15611068,2026-08-26 16:00:00+00:00,7.6,13.685524189587932,100.51830028147444,Air4Thai,Unknown Governmental Organization
